model,weights_gb,cache_frames,streams,kv_gb,kv_over_weights,total_gb,fits_12gb,fits_24gb
Wan2.1-1.3B,2.421438694000244,12,1,3.2135009765625,1.327104,5.634939670562744,True,True
Wan2.1-1.3B,2.421438694000244,12,4,12.85400390625,5.308416,15.275442600250244,False,True
Wan2.1-1.3B,2.421438694000244,12,8,25.7080078125,10.616832,28.129446506500244,False,False
Wan2.1-1.3B,2.421438694000244,21,1,5.623626708984375,2.322432,8.04506540298462,True,True
Wan2.1-1.3B,2.421438694000244,21,4,22.4945068359375,9.289728,24.915945529937744,False,False
Wan2.1-1.3B,2.421438694000244,21,8,44.989013671875,18.579456,47.410452365875244,False,False
Wan2.1-1.3B,2.421438694000244,32,1,8.5693359375,3.538944,10.990774631500244,True,True
Wan2.1-1.3B,2.421438694000244,32,4,34.27734375,14.155776,36.698782444000244,False,False
Wan2.1-1.3B,2.421438694000244,32,8,68.5546875,28.311552,70.97612619400024,False,False
Wan2.1-1.3B,2.421438694000244,63,1,16.870880126953125,6.967296,19.29231882095337,False,True
Wan2.1-1.3B,2.421438694000244,63,4,67.4835205078125,27.869184,69.90495920181274,False,False
Wan2.1-1.3B,2.421438694000244,63,8,134.967041015625,55.738368,137.38847970962524,False,False
Wan2.1-1.3B,2.421438694000244,126,1,33.74176025390625,13.934592,36.163198947906494,False,False
Wan2.1-1.3B,2.421438694000244,126,4,134.967041015625,55.738368,137.38847970962524,False,False
Wan2.1-1.3B,2.421438694000244,126,8,269.93408203125,111.476736,272.35552072525024,False,False
LongLive-2.0-5B,9.313225746154785,12,1,4.28466796875,0.46006272,13.597893714904785,False,True
LongLive-2.0-5B,9.313225746154785,12,4,17.138671875,1.84025088,26.451897621154785,False,False
LongLive-2.0-5B,9.313225746154785,12,8,34.27734375,3.68050176,43.590569496154785,False,False
LongLive-2.0-5B,9.313225746154785,21,1,7.4981689453125,0.80510976,16.811394691467285,False,True
LongLive-2.0-5B,9.313225746154785,21,4,29.99267578125,3.22043904,39.305901527404785,False,False
LongLive-2.0-5B,9.313225746154785,21,8,59.9853515625,6.44087808,69.29857730865479,False,False
LongLive-2.0-5B,9.313225746154785,32,1,11.42578125,1.22683392,20.739006996154785,False,True
LongLive-2.0-5B,9.313225746154785,32,4,45.703125,4.90733568,55.016350746154785,False,False
LongLive-2.0-5B,9.313225746154785,32,8,91.40625,9.81467136,100.71947574615479,False,False
LongLive-2.0-5B,9.313225746154785,63,1,22.4945068359375,2.41532928,31.807732582092285,False,False
LongLive-2.0-5B,9.313225746154785,63,4,89.97802734375,9.66131712,99.29125308990479,False,False
LongLive-2.0-5B,9.313225746154785,63,8,179.9560546875,19.32263424,189.26928043365479,False,False
LongLive-2.0-5B,9.313225746154785,126,1,44.989013671875,4.83065856,54.302239418029785,False,False
LongLive-2.0-5B,9.313225746154785,126,4,179.9560546875,19.32263424,189.26928043365479,False,False
LongLive-2.0-5B,9.313225746154785,126,8,359.912109375,38.64526848,369.2253351211548,False,False
Wan2.1-14B,26.0770320892334,12,1,14.2822265625,0.5476937142857143,40.3592586517334,False,False
Wan2.1-14B,26.0770320892334,12,4,57.12890625,2.1907748571428574,83.2059383392334,False,False
Wan2.1-14B,26.0770320892334,12,8,114.2578125,4.381549714285715,140.3348445892334,False,False
Wan2.1-14B,26.0770320892334,21,1,24.993896484375,0.958464,51.0709285736084,False,False
Wan2.1-14B,26.0770320892334,21,4,99.9755859375,3.833856,126.0526180267334,False,False
Wan2.1-14B,26.0770320892334,21,8,199.951171875,7.667712,226.0282039642334,False,False
Wan2.1-14B,26.0770320892334,32,1,38.0859375,1.4605165714285715,64.1629695892334,False,False
Wan2.1-14B,26.0770320892334,32,4,152.34375,5.842066285714286,178.4207820892334,False,False
Wan2.1-14B,26.0770320892334,32,8,304.6875,11.684132571428572,330.7645320892334,False,False
Wan2.1-14B,26.0770320892334,63,1,74.981689453125,2.875392,101.0587215423584,False,False
Wan2.1-14B,26.0770320892334,63,4,299.9267578125,11.501568,326.0037899017334,False,False
Wan2.1-14B,26.0770320892334,63,8,599.853515625,23.003136,625.9305477142334,False,False
Wan2.1-14B,26.0770320892334,126,1,149.96337890625,5.750784,176.0404109954834,False,False
Wan2.1-14B,26.0770320892334,126,4,599.853515625,23.003136,625.9305477142334,False,False
Wan2.1-14B,26.0770320892334,126,8,1199.70703125,46.006272,1225.7840633392334,False,False
