config,chunk_idx,rel_err_mean,rel_err_std,psnr_mean,n_prompts
ctrl_perturb1em2,0,0.11508344858884811,0.04714934900403023,38.764530181884766,3
ctrl_perturb1em2,1,0.16445292532444,0.05942438170313835,34.49701690673828,3
ctrl_perturb1em2,2,0.2690064013004303,0.06964082270860672,30.359529495239258,3
ctrl_perturb1em2,3,0.35653600096702576,0.04258588328957558,26.89031410217285,3
ctrl_perturb1em2,4,0.4243108332157135,0.06497558206319809,25.27220344543457,3
ctrl_perturb1em2,5,0.48227596282958984,0.06133627891540527,23.914358139038086,3
ctrl_perturb1em2,6,0.5682091116905212,0.07146766036748886,22.72882652282715,3
ctrl_perturb1em2,7,0.5999681353569031,0.04058403521776199,22.535558700561523,3
ctrl_perturb1em2,8,0.6203787922859192,0.02677875943481922,22.122888565063477,3
ctrl_perturb1em2,9,0.6507151126861572,0.04984259605407715,21.58673667907715,3
ctrl_perturb1em2,10,0.6895925402641296,0.0659840852022171,21.495834350585938,3
ctrl_perturb1em2,11,0.6850540041923523,0.06138613075017929,20.98502540588379,3
ctrl_perturb1em2,12,0.7344709038734436,0.08811305463314056,20.979005813598633,3
ctrl_perturb1em2,13,0.7345108985900879,0.0944785550236702,20.51152801513672,3
ctrl_perturb1em2,14,0.7175101637840271,0.11613626033067703,21.005767822265625,3
ctrl_perturb1em2,15,0.726611852645874,0.08994966000318527,20.733606338500977,3
ctrl_perturb1em2,16,0.7766816020011902,0.10699408501386642,20.818435668945312,3
ctrl_perturb1em2,17,0.7454553246498108,0.06672488152980804,20.63335418701172,3
ctrl_perturb1em2,18,0.7473339438438416,0.05352838337421417,20.524511337280273,3
ctrl_perturb1em2,19,0.7344762682914734,0.05767263472080231,21.346940994262695,3
ctrl_perturb1em2,20,0.7506254315376282,0.11644424498081207,20.91029167175293,3
ctrl_perturb1em3,0,0.0725940689444542,0.03167951852083206,42.59400939941406,3
ctrl_perturb1em3,1,0.1355021744966507,0.045267075300216675,36.178470611572266,3
ctrl_perturb1em3,2,0.28603819012641907,0.07441359013319016,29.82910919189453,3
ctrl_perturb1em3,3,0.37425994873046875,0.0331365168094635,26.445098876953125,3
ctrl_perturb1em3,4,0.44013798236846924,0.03759993240237236,24.88966178894043,3
ctrl_perturb1em3,5,0.5140491127967834,0.0672505795955658,23.373193740844727,3
ctrl_perturb1em3,6,0.5794315338134766,0.06274713575839996,22.546934127807617,3
ctrl_perturb1em3,7,0.5839921236038208,0.03508657217025757,22.76572608947754,3
ctrl_perturb1em3,8,0.599208414554596,0.09878644347190857,22.537832260131836,3
ctrl_perturb1em3,9,0.6207156777381897,0.13291293382644653,22.17840576171875,3
ctrl_perturb1em3,10,0.6220026612281799,0.13506034016609192,22.57122230529785,3
ctrl_perturb1em3,11,0.6701853275299072,0.0994308590888977,21.23650550842285,3
ctrl_perturb1em3,12,0.694558322429657,0.12908582389354706,21.55176544189453,3
ctrl_perturb1em3,13,0.6727280616760254,0.12027476727962494,21.35575294494629,3
ctrl_perturb1em3,14,0.6548097729682922,0.09368738532066345,21.788766860961914,3
ctrl_perturb1em3,15,0.7029969096183777,0.09387967735528946,21.036483764648438,3
ctrl_perturb1em3,16,0.7709556221961975,0.1278122365474701,20.922555923461914,3
ctrl_perturb1em3,17,0.7171003222465515,0.117313914000988,21.058021545410156,3
ctrl_perturb1em3,18,0.719275712966919,0.09345091879367828,20.911874771118164,3
ctrl_perturb1em3,19,0.7216959595680237,0.13064150512218475,21.625619888305664,3
ctrl_perturb1em3,20,0.7381612658500671,0.15594084560871124,21.160354614257812,3
fq_kv_only_w4a4,0,0.4752393662929535,0.029249396175146103,25.523935317993164,3
fq_kv_only_w4a4,1,0.5661191344261169,0.05187896639108658,23.17505645751953,3
fq_kv_only_w4a4,2,0.6035294532775879,0.057169124484062195,23.112396240234375,3
fq_kv_only_w4a4,3,0.6602861881256104,0.09735339134931564,21.570938110351562,3
fq_kv_only_w4a4,4,0.6727163791656494,0.05777820199728012,21.205280303955078,3
fq_kv_only_w4a4,5,0.7080797553062439,0.052012234926223755,20.535648345947266,3
fq_kv_only_w4a4,6,0.7478163838386536,0.05987319350242615,20.304466247558594,3
fq_kv_only_w4a4,7,0.7717164158821106,0.067092165350914,20.361448287963867,3
fq_kv_only_w4a4,8,0.8290900588035583,0.06198333948850632,19.621240615844727,3
fq_kv_only_w4a4,9,0.8307678699493408,0.03925793617963791,19.449867248535156,3
fq_kv_only_w4a4,10,0.8593032956123352,0.05619938671588898,19.562795639038086,3
fq_kv_only_w4a4,11,0.8733978271484375,0.03239273652434349,18.84599494934082,3
fq_kv_only_w4a4,12,0.9297721982002258,0.02024618163704872,18.86702537536621,3
fq_kv_only_w4a4,13,0.9554142355918884,0.060934532433748245,18.17409324645996,3
fq_kv_only_w4a4,14,0.9461216926574707,0.05930861830711365,18.513259887695312,3
fq_kv_only_w4a4,15,0.9977655410766602,0.06548671424388885,17.93170738220215,3
fq_kv_only_w4a4,16,0.9707374572753906,0.05182509869337082,18.804580688476562,3
fq_kv_only_w4a4,17,0.9673375487327576,0.05784284695982933,18.35236167907715,3
fq_kv_only_w4a4,18,0.9972667694091797,0.04407529532909393,18.004697799682617,3
fq_kv_only_w4a4,19,1.0480821132659912,0.07563208043575287,18.255117416381836,3
fq_kv_only_w4a4,20,1.0867139101028442,0.04840575158596039,17.60151481628418,3
fq_no_kv_w4a4,0,0.6090578436851501,0.10807009041309357,23.502904891967773,3
fq_no_kv_w4a4,1,0.7226211428642273,0.13898663222789764,21.194944381713867,3
fq_no_kv_w4a4,2,0.7603084444999695,0.13885372877120972,21.220672607421875,3
fq_no_kv_w4a4,3,0.8253313899040222,0.14858047664165497,19.6970272064209,3
fq_no_kv_w4a4,4,0.8624892234802246,0.1555330604314804,19.167470932006836,3
fq_no_kv_w4a4,5,0.8851701617240906,0.14432771503925323,18.696874618530273,3
fq_no_kv_w4a4,6,0.8913421630859375,0.1273176521062851,18.84634780883789,3
fq_no_kv_w4a4,7,0.9269784092903137,0.1203782856464386,18.813657760620117,3
fq_no_kv_w4a4,8,0.9774908423423767,0.09542196244001389,18.208040237426758,3
fq_no_kv_w4a4,9,1.0007354021072388,0.12226618826389313,17.89162254333496,3
fq_no_kv_w4a4,10,1.0446888208389282,0.09737160056829453,17.885955810546875,3
fq_no_kv_w4a4,11,1.0788640975952148,0.09072050452232361,17.036409378051758,3
fq_no_kv_w4a4,12,1.113139271736145,0.09162792563438416,17.33155059814453,3
fq_no_kv_w4a4,13,1.1287437677383423,0.08250516653060913,16.731752395629883,3
fq_no_kv_w4a4,14,1.143168568611145,0.0823570042848587,16.874797821044922,3
fq_no_kv_w4a4,15,1.2245184183120728,0.054303959012031555,16.14252281188965,3
fq_no_kv_w4a4,16,1.3148936033248901,0.08172830194234848,16.173484802246094,3
fq_no_kv_w4a4,17,1.1984624862670898,0.09658455103635788,16.503103256225586,3
fq_no_kv_w4a4,18,1.230817437171936,0.10419321060180664,16.19935417175293,3
fq_no_kv_w4a4,19,1.2556734085083008,0.09719432890415192,16.68748664855957,3
fq_no_kv_w4a4,20,1.2901664972305298,0.09224144369363785,16.124242782592773,3
fq_w4a16,0,0.625855028629303,0.06608529388904572,23.1676025390625,3
fq_w4a16,1,0.7099582552909851,0.08344490081071854,21.235139846801758,3
fq_w4a16,2,0.8119224905967712,0.12409672141075134,20.607877731323242,3
fq_w4a16,3,0.8847541213035583,0.15652801096439362,19.087919235229492,3
fq_w4a16,4,0.8968904614448547,0.1499825268983841,18.805471420288086,3
fq_w4a16,5,0.9074792861938477,0.1431920975446701,18.472719192504883,3
fq_w4a16,6,0.9091977477073669,0.13317644596099854,18.67954444885254,3
fq_w4a16,7,0.9289007782936096,0.12651659548282623,18.80474853515625,3
fq_w4a16,8,0.972449779510498,0.12354620546102524,18.285863876342773,3
fq_w4a16,9,1.0282349586486816,0.12554864585399628,17.65696907043457,3
fq_w4a16,10,1.0956741571426392,0.047529976814985275,17.441261291503906,3
fq_w4a16,11,1.1156178712844849,0.019425055012106895,16.715181350708008,3
fq_w4a16,12,1.1124440431594849,0.061737071722745895,17.32042694091797,3
fq_w4a16,13,1.1226202249526978,0.04684777557849884,16.763341903686523,3
fq_w4a16,14,1.1540437936782837,0.05116240680217743,16.779237747192383,3
fq_w4a16,15,1.2164634466171265,0.07392045855522156,16.207056045532227,3
fq_w4a16,16,1.2792601585388184,0.1895274519920349,16.48587417602539,3
fq_w4a16,17,1.1500017642974854,0.06826917827129364,16.84968376159668,3
fq_w4a16,18,1.1974382400512695,0.08202323317527771,16.428380966186523,3
fq_w4a16,19,1.1406306028366089,0.09045404940843582,17.52491569519043,3
fq_w4a16,20,1.239352822303772,0.17252056300640106,16.53245735168457,3
fq_w4a4,0,0.6323471069335938,0.08685066550970078,23.113563537597656,3
fq_w4a4,1,0.7602254748344421,0.1255379617214203,20.705730438232422,3
fq_w4a4,2,0.8259512782096863,0.13831016421318054,20.48228645324707,3
fq_w4a4,3,0.8784779906272888,0.15335021913051605,19.142229080200195,3
fq_w4a4,4,0.896659791469574,0.14049646258354187,18.788084030151367,3
fq_w4a4,5,0.9269378781318665,0.1350974440574646,18.26869010925293,3
fq_w4a4,6,0.9681298136711121,0.13937972486019135,18.127544403076172,3
fq_w4a4,7,1.0063459873199463,0.1710677593946457,18.14951515197754,3
fq_w4a4,8,1.0720949172973633,0.09336317330598831,17.395360946655273,3
fq_w4a4,9,1.0911790132522583,0.12609069049358368,17.129858016967773,3
fq_w4a4,10,1.1238700151443481,0.11839480698108673,17.261037826538086,3
fq_w4a4,11,1.1455657482147217,0.12606914341449738,16.53691864013672,3
fq_w4a4,12,1.1749486923217773,0.141099214553833,16.89501953125,3
fq_w4a4,13,1.1954190731048584,0.1376969814300537,16.26749610900879,3
fq_w4a4,14,1.1748099327087402,0.17000845074653625,16.70793342590332,3
fq_w4a4,15,1.342692494392395,0.08217855542898178,15.350117683410645,3
fq_w4a4,16,1.4557620286941528,0.08593656867742538,15.288032531738281,3
fq_w4a4,17,1.327302098274231,0.110563263297081,15.617892265319824,3
fq_w4a4,18,1.3415794372558594,0.11751388013362885,15.452370643615723,3
fq_w4a4,19,1.3308894634246826,0.10102766007184982,16.18136978149414,3
fq_w4a4,20,1.3372936248779297,0.07420305907726288,15.804022789001465,3
fq_w4a8,0,0.6231694221496582,0.06484771519899368,23.2032527923584,3
fq_w4a8,1,0.7003071308135986,0.07391238212585449,21.341629028320312,3
fq_w4a8,2,0.8124929070472717,0.12426561117172241,20.601743698120117,3
fq_w4a8,3,0.8956131935119629,0.16415391862392426,18.993043899536133,3
fq_w4a8,4,0.9159307479858398,0.15613877773284912,18.627485275268555,3
fq_w4a8,5,0.9193436503410339,0.140167236328125,18.351112365722656,3
fq_w4a8,6,0.919639527797699,0.13115918636322021,18.5739688873291,3
fq_w4a8,7,0.9360268712043762,0.13090220093727112,18.740760803222656,3
fq_w4a8,8,1.003949761390686,0.12278460711240768,18.0023193359375,3
fq_w4a8,9,1.0404242277145386,0.13968026638031006,17.569814682006836,3
fq_w4a8,10,1.101339340209961,0.06483515352010727,17.40362548828125,3
fq_w4a8,11,1.1206334829330444,0.03274764120578766,16.678634643554688,3
fq_w4a8,12,1.1037755012512207,0.05382571369409561,17.385181427001953,3
fq_w4a8,13,1.1305042505264282,0.05586203187704086,16.705537796020508,3
fq_w4a8,14,1.1466206312179565,0.06682763248682022,16.841699600219727,3
fq_w4a8,15,1.2254037857055664,0.05757395923137665,16.137361526489258,3
fq_w4a8,16,1.3073445558547974,0.1940494030714035,16.299348831176758,3
fq_w4a8,17,1.1372933387756348,0.0551750622689724,16.94055938720703,3
fq_w4a8,18,1.2086577415466309,0.09017889201641083,16.351377487182617,3
fq_w4a8,19,1.219129204750061,0.11676840484142303,16.95905876159668,3
fq_w4a8,20,1.2442374229431152,0.13937751948833466,16.47259521484375,3
fq_w8a16,0,0.14911602437496185,0.04466978460550308,36.05607986450195,3
fq_w8a16,1,0.29304641485214233,0.1210969090461731,29.62019157409668,3
fq_w8a16,2,0.5299620628356934,0.24554230272769928,25.04609489440918,3
fq_w8a16,3,0.5634084939956665,0.18441101908683777,23.296777725219727,3
fq_w8a16,4,0.5385613441467285,0.1159924790263176,23.30902099609375,3
fq_w8a16,5,0.6012088656425476,0.12004847079515457,22.121862411499023,3
fq_w8a16,6,0.6223028302192688,0.09228386729955673,21.972457885742188,3
fq_w8a16,7,0.6396389603614807,0.05438493564724922,21.992277145385742,3
fq_w8a16,8,0.6690312027931213,0.04873843491077423,21.48297691345215,3
fq_w8a16,9,0.7276557087898254,0.10016311705112457,20.678850173950195,3
fq_w8a16,10,0.743935763835907,0.10336150228977203,20.886404037475586,3
fq_w8a16,11,0.7431177496910095,0.0936129167675972,20.31686782836914,3
fq_w8a16,12,0.7405824661254883,0.09163070470094681,20.911293029785156,3
fq_w8a16,13,0.7525572180747986,0.10394814610481262,20.316431045532227,3
fq_w8a16,14,0.7649977803230286,0.09976790100336075,20.420989990234375,3
fq_w8a16,15,0.7860501408576965,0.06309247761964798,20.013452529907227,3
fq_w8a16,16,0.8459727168083191,0.023149840533733368,19.99057960510254,3
fq_w8a16,17,0.8065293431282043,0.07438208162784576,19.95191764831543,3
fq_w8a16,18,0.7892060875892639,0.05038529634475708,20.046051025390625,3
fq_w8a16,19,0.7816810607910156,0.06444422155618668,20.8074893951416,3
fq_w8a16,20,0.8364443182945251,0.12565229833126068,19.959562301635742,3
fq_w8a8,0,0.29457464814186096,0.06981559097766876,29.893875122070312,3
fq_w8a8,1,0.4139774739742279,0.1037212535738945,26.109193801879883,3
fq_w8a8,2,0.49982500076293945,0.10496708005666733,24.900421142578125,3
fq_w8a8,3,0.5877066254615784,0.14831151068210602,22.796560287475586,3
fq_w8a8,4,0.6205869317054749,0.14139682054519653,22.1256160736084,3
fq_w8a8,5,0.6819465160369873,0.15911927819252014,21.098112106323242,3
fq_w8a8,6,0.7029278874397278,0.13125111162662506,20.98293685913086,3
fq_w8a8,7,0.7633135318756104,0.12977832555770874,20.557252883911133,3
fq_w8a8,8,0.7878110408782959,0.09589976817369461,20.103347778320312,3
fq_w8a8,9,0.7799747586250305,0.10810691118240356,20.074724197387695,3
fq_w8a8,10,0.8150396943092346,0.10998091101646423,20.087007522583008,3
fq_w8a8,11,0.8200616836547852,0.09529123455286026,19.448802947998047,3
fq_w8a8,12,0.8133899569511414,0.10351503640413284,20.101972579956055,3
fq_w8a8,13,0.8164591193199158,0.09901566058397293,19.58992576599121,3
fq_w8a8,14,0.8332969546318054,0.09924598783254623,19.66404914855957,3
fq_w8a8,15,0.8675705790519714,0.08208205550909042,19.16779327392578,3
fq_w8a8,16,0.9518210291862488,0.03151635825634003,18.96820640563965,3
fq_w8a8,17,0.8719919323921204,0.09617643803358078,19.293365478515625,3
fq_w8a8,18,0.9029577374458313,0.0987798348069191,18.91437339782715,3
fq_w8a8,19,0.9352002143859863,0.11303874105215073,19.289186477661133,3
fq_w8a8,20,0.937217652797699,0.10215364396572113,18.933116912841797,3
kv_int2,0,0.0,0.0,inf,3
kv_int2,1,0.4450448453426361,0.09613408148288727,25.458078384399414,3
kv_int2,2,0.5813595652580261,0.12996289134025574,23.646608352661133,3
kv_int2,3,0.7124888896942139,0.18793737888336182,21.159425735473633,3
kv_int2,4,0.7489657402038574,0.16789132356643677,20.4790096282959,3
kv_int2,5,0.7721611857414246,0.1362432837486267,19.90395164489746,3
kv_int2,6,0.7929112315177917,0.09783465415239334,19.837778091430664,3
kv_int2,7,0.908574640750885,0.128339484333992,18.99698829650879,3
kv_int2,8,0.9604585766792297,0.0831194594502449,18.35009765625,3
kv_int2,9,1.0472149848937988,0.09827638417482376,17.46592140197754,3
kv_int2,10,1.0666393041610718,0.06330101191997528,17.68109893798828,3
kv_int2,11,1.1451783180236816,0.0834251418709755,16.509334564208984,3
kv_int2,12,1.2136231660842896,0.06763078272342682,16.564729690551758,3
kv_int2,13,1.327666163444519,0.10607636719942093,15.327496528625488,3
kv_int2,14,1.386802315711975,0.15926222503185272,15.23460865020752,3
kv_int2,15,1.528957724571228,0.15885426104068756,14.253886222839355,3
kv_int2,16,1.6890016794204712,0.3174588978290558,14.13198184967041,3
kv_int2,17,1.5815540552139282,0.18089520931243896,14.12670612335205,3
kv_int2,18,1.6475869417190552,0.1704144924879074,13.684535026550293,3
kv_int2,19,1.7499281167984009,0.1722479611635208,13.822663307189941,3
kv_int2,20,1.8501510620117188,0.15365205705165863,13.00230884552002,3
kv_int4,0,0.0,0.0,inf,3
kv_int4,1,0.0828959047794342,0.010932170785963535,39.9052734375,3
kv_int4,2,0.1794925183057785,0.08369111269712448,34.49557113647461,3
kv_int4,3,0.2948952913284302,0.10622184723615646,29.084264755249023,3
kv_int4,4,0.35259172320365906,0.07794933021068573,27.01573371887207,3
kv_int4,5,0.4530589282512665,0.10386942327022552,24.6414852142334,3
kv_int4,6,0.5200654864311218,0.09236333519220352,23.581151962280273,3
kv_int4,7,0.5692222118377686,0.08285938203334808,23.072601318359375,3
kv_int4,8,0.6106873750686646,0.05167284235358238,22.283950805664062,3
kv_int4,9,0.6238511204719543,0.07838950306177139,21.99456214904785,3
kv_int4,10,0.624747633934021,0.10760075598955154,22.433517456054688,3
kv_int4,11,0.6263424754142761,0.09956861287355423,21.83216667175293,3
kv_int4,12,0.6806750297546387,0.0984586700797081,21.659881591796875,3
kv_int4,13,0.6764359474182129,0.06767251342535019,21.197538375854492,3
kv_int4,14,0.6767321228981018,0.06353049725294113,21.4439697265625,3
kv_int4,15,0.6875810623168945,0.060054853558540344,21.179285049438477,3
kv_int4,16,0.7520859241485596,0.07875991612672806,21.059078216552734,3
kv_int4,17,0.7292049527168274,0.06913295388221741,20.828706741333008,3
kv_int4,18,0.7788994312286377,0.06075235828757286,20.16868019104004,3
kv_int4,19,0.8079473972320557,0.05549228563904762,20.512678146362305,3
kv_int4,20,0.8078290820121765,0.03897466883063316,20.179109573364258,3
kv_kivi4,0,0.0,0.0,inf,3
kv_kivi4,1,0.6702959537506104,0.036356668919324875,21.683778762817383,3
kv_kivi4,2,0.756899356842041,0.05515807494521141,21.130578994750977,3
kv_kivi4,3,0.8554141521453857,0.0862138569355011,19.27417755126953,3
kv_kivi4,4,0.8845670819282532,0.07139541953802109,18.82312774658203,3
kv_kivi4,5,0.946074903011322,0.0486396886408329,18.006790161132812,3
kv_kivi4,6,0.9751521944999695,0.04649823531508446,17.981773376464844,3
kv_kivi4,7,1.0093116760253906,0.011398663744330406,17.998634338378906,3
kv_kivi4,8,1.0679850578308105,0.022975871339440346,17.398727416992188,3
kv_kivi4,9,1.0965503454208374,0.008909836411476135,17.029281616210938,3
kv_kivi4,10,1.1129028797149658,0.03298094496130943,17.30125617980957,3
kv_kivi4,11,1.1275666952133179,0.03330092504620552,16.62516212463379,3
kv_kivi4,12,1.2216553688049316,0.015757277607917786,16.4942626953125,3
kv_kivi4,13,1.2022137641906738,0.16106392443180084,16.234813690185547,3
kv_kivi4,14,1.1530052423477173,0.07954006642103195,16.79893684387207,3
kv_kivi4,15,1.2053059339523315,0.09378453344106674,16.298568725585938,3
kv_kivi4,16,1.3009604215621948,0.142103374004364,16.302762985229492,3
kv_kivi4,17,1.1680879592895508,0.1388576626777649,16.761716842651367,3
kv_kivi4,18,1.1972852945327759,0.15696990489959717,16.486961364746094,3
kv_kivi4,19,1.187017560005188,0.16089265048503876,17.235593795776367,3
kv_kivi4,20,1.2765053510665894,0.12098872661590576,16.23578643798828,3
