chunk_idx,config,n_prompts,lpips_ci95,lpips_mean,lpips_std,musiq_ci95,musiq_mean,musiq_std
0,A2_int4,10,0.003595021994828983,0.012975804880261422,0.00550258468596273,4.243840158761884,70.64398727416992,6.495673712390639
1,A2_int4,10,0.006941680517702764,0.03253681706264615,0.010625021200565457,4.231554827455897,69.58202514648437,6.4768696338610665
2,A2_int4,10,0.020834416028935966,0.05475074704736471,0.03188941228918771,4.7062182837396636,69.44872589111328,7.203395332254588
3,A2_int4,10,0.03656675954957853,0.08423123247921467,0.055969529922824286,5.331194987284699,69.54988403320313,8.159992327476582
4,A2_int4,10,0.04016591202873247,0.10932659097015858,0.06147843677867216,5.92656753922435,69.72669525146485,9.071276845751557
5,A2_int4,10,0.05576908830294999,0.1437343828380108,0.08536084944329081,3.9145277372813005,70.89473304748535,5.9916240876754605
6,A2_int4,10,0.06337936759794467,0.17600917667150498,0.09700923611930308,4.336066110169302,70.61073226928711,6.636835882912197
7,A2_int4,10,0.06621843514509372,0.20618391782045364,0.10135474767106184,3.7919813173775427,70.55107421875,5.804053036802362
8,A2_int4,10,0.07069697975291989,0.24334121271967887,0.1082096628871223,4.524594365300173,69.55883293151855,6.925399538724755
9,A2_int4,10,0.07647908224894757,0.2709831029176712,0.1170598197687973,4.806046313945086,68.90167007446288,7.35619333767105
10,A2_int4,10,0.0873290971196551,0.28777113035321233,0.1336669853872272,5.218597331086177,67.92431869506837,7.987648976152312
11,A2_int4,10,0.08713210502292822,0.30361822098493574,0.13336546687182893,5.9813043099657826,67.96101303100586,9.155057617294565
12,A2_int4,10,0.08153054407483783,0.3453398451209068,0.12479164909413956,5.574701511167905,66.37562522888183,8.532706394644753
13,A2_int4,10,0.0879983832362696,0.32855118811130524,0.13469140291265758,6.3787793803340245,66.78493843078613,9.763437827041875
14,A2_int4,10,0.08605560903785829,0.3379536271095276,0.1317177689354974,7.241925196522543,66.61885986328124,11.084579382432466
15,A2_int4,10,0.09027142360949408,0.3647912457585335,0.13817054634106238,7.752565085430208,66.1069320678711,11.866171049127871
16,A2_int4,10,0.08948963052068906,0.390827052295208,0.13697392426636082,7.347329900042175,65.8732894897461,11.245913112309454
17,A2_int4,10,0.08192985536429032,0.4054838627576828,0.1254028398433015,7.859648895378473,65.96150131225586,12.030074839865009
18,A2_int4,10,0.0735086452670569,0.4205091267824173,0.11251323255161773,5.644992586618308,66.50580139160157,8.640294775436187
19,A2_int4,10,0.07710157876966672,0.41543139666318896,0.11801262056581642,6.2561077421767095,65.76951179504394,9.575675115576598
20,A2_int4,10,0.06905204062456778,0.42296816408634186,0.10569189891515478,6.200756877452484,65.02546081542968,9.490954404264007
0,A2_int2,10,0.003772539729618558,0.01467744461260736,0.005774295504518202,4.039489802939663,70.57880325317383,6.182892555519892
1,A2_int2,10,0.04990797780550821,0.2308761805295944,0.07638976194720644,7.544477166759964,64.16338310241699,11.547669132795864
2,A2_int2,10,0.06707002765509032,0.34309055656194687,0.10265820559452603,7.289748750786916,62.068716049194336,11.157778700184055
3,A2_int2,10,0.06550650450982465,0.4127490550279617,0.10026505792320099,7.159542016445194,59.46840858459473,10.958482678232441
4,A2_int2,10,0.0679879273541764,0.4544780790805817,0.10406315411353532,6.399016789019316,58.50129356384277,9.794413452580587
5,A2_int2,10,0.062154806298172466,0.4778592437505722,0.09513490759924358,6.463988372006915,55.58595924377441,9.893859753071808
6,A2_int2,10,0.0541500096561521,0.4912195771932602,0.08288266784104914,6.390107609255673,54.69089279174805,9.780776952942357
7,A2_int2,10,0.049974268158036766,0.5261390119791031,0.07649122677250526,6.160316762314496,49.43935852050781,9.429056268848719
8,A2_int2,10,0.04175128344242536,0.5698510050773621,0.06390502567718166,6.431175303016164,44.64576606750488,9.843635667881884
9,A2_int2,10,0.0392093220013149,0.5782319724559783,0.060014268369359546,5.227296597235683,38.82738971710205,8.000964179442372
10,A2_int2,10,0.03941721965096376,0.5747656524181366,0.0603324790575976,6.427519484007938,39.4342264175415,9.838040026542762
11,A2_int2,10,0.03377298691356307,0.5937774002552032,0.05169334731667818,5.240812782042881,37.55387020111084,8.021652217412576
12,A2_int2,10,0.03356912898790645,0.6258543729782104,0.05138131987944865,5.951057378842242,30.891228103637694,9.108761294146289
13,A2_int2,10,0.03002448637452341,0.6181704342365265,0.045955846491617464,4.247481239576731,28.768173599243163,6.501246795270507
14,A2_int2,10,0.02382665811698322,0.653677099943161,0.03646937466885187,3.6167313998952477,26.99004554748535,5.535813367186605
15,A2_int2,10,0.02099078718160269,0.6671521902084351,0.03212875589020821,3.7958591206646415,25.632696533203124,5.809988449996901
16,A2_int2,10,0.02059967239869431,0.7025968551635742,0.03153011081432803,3.287317119101773,21.388228797912596,5.031607835359858
17,A2_int2,10,0.022919360925494434,0.7180395543575286,0.03508065447779761,4.485977534969524,22.141315841674803,6.866292145361517
18,A2_int2,10,0.024305244679154934,0.7377006947994232,0.03720190512115551,4.893018401824002,20.804443836212158,7.489313880342862
19,A2_int2,10,0.02985310768302269,0.723017019033432,0.045693532167891876,4.005747780232939,19.160963153839113,6.131246602397356
20,A2_int2,10,0.025816185607932855,0.760941082239151,0.03951456980806049,4.335550939392939,18.36061248779297,6.636047356213682
0,A2_bf16,10,0.0,0.0,0.0,4.252392030868857,70.59945030212403,6.508763312554374
1,A2_bf16,10,0.0,0.0,0.0,4.353533787181819,69.99124946594239,6.663572123237479
2,A2_bf16,10,0.0,0.0,0.0,4.405650698389205,69.77293853759765,6.743342905697763
3,A2_bf16,10,0.0,0.0,0.0,4.667740633797756,70.11729888916015,7.1445009700986075
4,A2_bf16,10,0.0,0.0,0.0,4.630749998497524,70.85298728942871,7.087882650761515
5,A2_bf16,10,0.0,0.0,0.0,4.194897710382475,71.70757255554199,6.4207618016058285
6,A2_bf16,10,0.0,0.0,0.0,3.6545000135966217,71.6718677520752,5.5936224697907475
7,A2_bf16,10,0.0,0.0,0.0,3.7777028437207596,71.72506256103516,5.782198230184837
8,A2_bf16,10,0.0,0.0,0.0,3.8345590919593655,71.8801170349121,5.8692230999378046
9,A2_bf16,10,0.0,0.0,0.0,3.4221651583769552,71.70610885620117,5.238007895474932
10,A2_bf16,10,0.0,0.0,0.0,3.895054745513129,71.4089542388916,5.9618184880303
11,A2_bf16,10,0.0,0.0,0.0,3.4873675914910254,72.06270065307618,5.3378075379964685
12,A2_bf16,10,0.0,0.0,0.0,3.3946345918270926,72.25833511352539,5.195869273204734
13,A2_bf16,10,0.0,0.0,0.0,3.6163406092340606,71.94016647338867,5.535215218215399
14,A2_bf16,10,0.0,0.0,0.0,3.7127242860097134,70.98441162109376,5.682741254096499
15,A2_bf16,10,0.0,0.0,0.0,4.0373367612334405,71.25690002441407,6.179597083520574
16,A2_bf16,10,0.0,0.0,0.0,4.066398754678464,71.11965789794922,6.22407972654867
17,A2_bf16,10,0.0,0.0,0.0,3.660270096775003,71.48065643310547,5.602454229757657
18,A2_bf16,10,0.0,0.0,0.0,3.552855590760229,71.82084045410156,5.43804427157178
19,A2_bf16,10,0.0,0.0,0.0,3.9571399457558294,71.21900901794433,6.056846855748719
20,A2_bf16,10,0.0,0.0,0.0,3.8770940968307204,71.13956298828126,5.934327699230694
0,e2e_int4,10,0.003595021994828983,0.012975804880261422,0.00550258468596273,4.243840158761884,70.64398727416992,6.495673712390639
1,e2e_int4,10,0.006941680517702764,0.03253681706264615,0.010625021200565457,4.231554827455897,69.58202514648437,6.4768696338610665
2,e2e_int4,10,0.020834416028935966,0.05475074704736471,0.03188941228918771,4.7062182837396636,69.44872589111328,7.203395332254588
3,e2e_int4,10,0.03656675954957853,0.08423123247921467,0.055969529922824286,5.331194987284699,69.54988403320313,8.159992327476582
4,e2e_int4,10,0.04009455343320125,0.10941866561770439,0.06136921443857335,5.919544420187289,69.70354995727538,9.060527173756055
5,e2e_int4,10,0.05557783143443425,0.14409216716885567,0.08506810933841977,3.6661709318751647,71.16787109375,5.611486120217089
6,e2e_int4,10,0.06327637860878244,0.17589495852589607,0.0968515999114017,4.336862257182987,70.29154739379882,6.638054475280082
7,e2e_int4,10,0.0660091448335248,0.2588739037513733,0.10103440535743591,4.443709625615973,68.92714004516601,6.801596365738735
8,e2e_int4,10,0.07054458286456528,0.3127396270632744,0.10797640234372238,4.51627500804934,68.66058616638183,6.912665828646949
9,e2e_int4,10,0.07889637054936298,0.3796737462282181,0.12075975084086173,4.464298778108941,67.97755012512206,6.833110374656542
10,e2e_int4,10,0.07457727300170457,0.43779963850975034,0.11414888724750699,4.202828479453667,66.94211311340332,6.432900733857656
11,e2e_int4,10,0.0795795015504999,0.449079304933548,0.1218053595160713,5.106801883674214,65.98084678649903,7.816533495419716
12,e2e_int4,10,0.07111643190590357,0.4716904193162918,0.10885168148862791,4.069637360616188,66.1357650756836,6.229036776453348
13,e2e_int4,10,0.06762347774647226,0.5059095233678818,0.10350532308133512,3.9065811113099023,64.77280044555664,5.979460884658015
14,e2e_int4,10,0.06406625548825097,0.5197626531124115,0.09806059513507802,3.2365418564004655,62.37588272094727,4.953890596531326
15,e2e_int4,10,0.05439129223439655,0.5441471844911575,0.08325197790979065,3.732633603400535,60.201802825927736,5.713214699082452
16,e2e_int4,10,0.05371555419980276,0.5613362848758697,0.08221768499969812,3.034581728040794,60.09723472595215,4.644767951082849
17,e2e_int4,10,0.05389001635061027,0.5941725939512252,0.08248471890399532,4.115747145031024,56.92889404296875,6.299612977088303
18,e2e_int4,10,0.04667613047760775,0.6121534168720245,0.07144305685348126,3.410777458715808,55.316008758544925,5.22057774293236
19,e2e_int4,10,0.03591955797454184,0.6250370979309082,0.05497891526715588,3.543009994904888,54.02234230041504,5.4229744819972785
20,e2e_int4,10,0.03332655682266231,0.6510092198848725,0.051010035953054554,3.091338432972727,52.65534210205078,4.731640458631724
0,e2d_int4,10,0.003595021994828983,0.012975804880261422,0.00550258468596273,4.243840158761884,70.64398727416992,6.495673712390639
1,e2d_int4,10,0.006941680517702764,0.03253681706264615,0.010625021200565457,4.231554827455897,69.58202514648437,6.4768696338610665
2,e2d_int4,10,0.020834416028935966,0.05475074704736471,0.03188941228918771,4.7062182837396636,69.44872589111328,7.203395332254588
3,e2d_int4,10,0.03656675954957853,0.08423123247921467,0.055969529922824286,5.331194987284699,69.54988403320313,8.159992327476582
4,e2d_int4,10,0.04009448574499613,0.10936952345073223,0.061369110834177766,5.925095401759446,69.66886291503906,9.069023574121601
5,e2d_int4,10,0.05568998864343684,0.14362618401646615,0.08523977853587272,3.786481223622421,71.04525680541992,5.795634525952685
6,e2d_int4,10,0.06344674379206498,0.17589206025004386,0.09711236294703823,4.077937110913201,70.6771141052246,6.2417404758875525
7,e2d_int4,10,0.0630229629692103,0.20970384627580643,0.09646371883042393,4.013670542757314,70.19221229553223,6.143373279730583
8,e2d_int4,10,0.06611986518710557,0.25925673693418505,0.10120387528638608,4.356448481324222,69.25247764587402,6.668033389781972
9,e2d_int4,10,0.07116203326635243,0.2918830320239067,0.10892147948931495,5.156335739741915,68.23681716918945,7.892350622053952
10,e2d_int4,10,0.0741924463147329,0.3389070302248001,0.11355986680826465,5.192374123659337,66.96958961486817,7.947511413764291
11,e2d_int4,10,0.08469211065620431,0.3723130151629448,0.12963078161663927,6.213807106154897,65.83015594482421,9.510929244114639
12,e2d_int4,10,0.08010411778157771,0.40549213737249373,0.1226083435432312,4.266071479483566,65.50674095153809,6.529701244107498
13,e2d_int4,10,0.07559084858068023,0.3899354100227356,0.11570027843981669,5.198012691825499,66.5413703918457,7.9561418752431114
14,e2d_int4,10,0.06989711476148276,0.3888771444559097,0.10698537973696343,6.938354054239666,65.09958343505859,10.619929674856632
15,e2d_int4,10,0.0674062574903435,0.41930521428585055,0.10317284309746455,7.752831969668242,63.476227569580075,11.866579545410575
16,e2d_int4,10,0.07922608155838036,0.44819394648075106,0.12126441054854138,5.6796162630351015,64.94334716796875,8.693290198523115
17,e2d_int4,10,0.07131918798459504,0.4697004586458206,0.10916202242540059,7.379554270151594,62.70395469665527,11.295236127783054
18,e2d_int4,10,0.06841990390475239,0.5032250374555588,0.10472434271135572,6.837593961170652,62.251041412353516,10.46570504260814
19,e2d_int4,10,0.06623425892649823,0.5285043269395828,0.10137896774464014,5.7314635257943465,60.91855239868164,8.772648253766858
20,e2d_int4,10,0.05372687104212968,0.5361142128705978,0.08223500669713726,5.847500148176004,59.64506492614746,8.950255328840825
0,e2e_int2,10,0.003772539729618558,0.01467744461260736,0.005774295504518202,4.039489802939663,70.57880325317383,6.182892555519892
1,e2e_int2,10,0.04990797780550821,0.2308761805295944,0.07638976194720644,7.544477166759964,64.16338310241699,11.547669132795864
2,e2e_int2,10,0.06707002765509032,0.34309055656194687,0.10265820559452603,7.289748750786916,62.068716049194336,11.157778700184055
3,e2e_int2,10,0.06550650450982465,0.4127490550279617,0.10026505792320099,7.159542016445194,59.46840858459473,10.958482678232441
4,e2e_int2,10,0.06785655539516057,0.45464023351669314,0.10386207458442945,6.392236030329464,58.4785831451416,9.7840347403002
5,e2e_int2,10,0.06257716497834175,0.47816198170185087,0.09578137496684963,6.3566013745602685,55.75991935729981,9.729491899837146
6,e2e_int2,10,0.053630905494411574,0.4908900707960129,0.0820881206547116,6.180866689937339,55.028402709960936,9.46051023970001
7,e2e_int2,10,0.03475085611619124,0.6299115240573883,0.05319008589212945,6.793033990391641,41.87930755615234,10.397501005701493
8,e2e_int2,10,0.0329522722982383,0.7947029709815979,0.05043715147689535,2.0635796456181934,27.31409454345703,3.1585402739053983
9,e2e_int2,10,0.027017243984755922,0.7655290305614472,0.04135292446646315,0.6508881749989577,41.36138381958008,0.9962574107126905
10,e2e_int2,10,0.02997567168291357,0.7922635674476624,0.045881130126908524,1.374200938462186,39.989580917358396,2.103368783360489
11,e2e_int2,10,0.029521682026004886,0.7861767947673798,0.04518624799898707,1.1596349667273849,37.77280235290527,1.774951479684773
12,e2e_int2,10,0.027728505728360282,0.7875878095626831,0.04244159040055145,1.0411595007319943,37.342965316772464,1.5936114807122361
13,e2e_int2,10,0.024290426862476965,0.8060004651546478,0.03717922478950557,0.7443655046439406,36.59141082763672,1.139334956087664
14,e2e_int2,10,0.024171763730054984,0.8036471128463745,0.03699759754600252,1.099877189024159,33.95767383575439,1.683485493404325
15,e2e_int2,10,0.02678548586357163,0.7877176761627197,0.040998192648323925,0.8165381597047116,35.9418327331543,1.249803305670477
16,e2e_int2,10,0.021174993687970742,0.7857187330722809,0.03241070462444502,1.055791162781988,36.45241775512695,1.6160068818091653
17,e2e_int2,10,0.01749582891081603,0.7988664627075195,0.026779329965534743,0.788830688162814,35.19513282775879,1.2073939104532867
18,e2e_int2,10,0.01926203615540804,0.7980174005031586,0.02948270840113476,0.6932804579687262,35.84509544372558,1.0611435581153972
19,e2e_int2,10,0.03977613063802931,1.0001819670200347,0.06088183260922854,0.0,22.16509246826172,0.0
20,e2e_int2,10,0.04080455588778089,1.0009504318237306,0.06245595288946054,0.0,22.16509246826172,0.0
