config,chunk,step,self_mass,oldest_mass,newest_cached_mass,mass_sum
bf16,0,0,1.0,1.0,,1.0
bf16,0,1,1.0,1.0,,1.0
bf16,0,2,1.0,1.0,,1.0
bf16,0,3,1.0,1.0,,1.0
bf16,0,4,1.0,1.0,,1.0
bf16,1,0,0.5806634247751423,0.4193365867422676,0.4193365867422676,1.00000001151741
bf16,1,1,0.5683034798992731,0.4316965311299741,0.4316965311299741,1.0000000110292473
bf16,1,2,0.5881471054076598,0.41185290499898086,0.41185290499898086,1.0000000104066407
bf16,1,3,0.6245611012913287,0.3754389092922792,0.3754389092922792,1.0000000105836078
bf16,1,4,0.7030072568691577,0.29699275262106245,0.29699275262106245,1.0000000094902202
bf16,2,0,0.5320480352638429,0.18720854650513732,0.28074342881643505,1.0000000105854152
bf16,2,1,0.5348559360364797,0.19038229489807088,0.2747617788278282,1.000000009762379
bf16,2,2,0.5446986975682969,0.18941617385760814,0.26588514137040836,1.0000000127963133
bf16,2,3,0.5709861258769202,0.18359227673619088,0.245421609625811,1.000000012238922
bf16,2,4,0.6352570509408705,0.1564032256525463,0.2083397325100291,1.000000009103446
bf16,3,0,0.5193233467470338,0.1226086746295804,0.24037163368027029,1.000000011198591
bf16,3,1,0.5162380475984214,0.12636424329695498,0.23708201309580332,1.0000000112379337
bf16,3,2,0.5260415968506734,0.12724305530758295,0.22751568099920397,1.0000000102846385
bf16,3,3,0.5497893728383738,0.12558748521163063,0.21019701568023905,1.0000000114714171
bf16,3,4,0.6045876080184285,0.11091633654284401,0.18131639392651977,1.0000000105968727
bf16,4,0,0.5226376037667418,0.0996664323860117,0.2134365056485809,1.000000010912233
bf16,4,1,0.5053617102719189,0.1029483700280017,0.21816745767787826,1.0000000118333028
bf16,4,2,0.5127312644049568,0.10392722244102887,0.20947123186364217,1.0000000095887505
bf16,4,3,0.5314648896012739,0.10312676963403664,0.19509116919717703,1.0000000112182592
bf16,4,4,0.5821360152331722,0.09339093695221352,0.16758935188058618,1.0000000118441723
bf16,5,0,0.5115203496731634,0.0811778942307891,0.2017214475008687,1.0000000112177394
bf16,5,1,0.49255645121932806,0.08418271435309359,0.2055439046627726,1.0000000109347955
bf16,5,2,0.49853708891837234,0.08529804684839534,0.1978879127088779,1.0000000113095138
bf16,5,3,0.5167637179376873,0.08533025094647773,0.18325539497783652,1.000000009696705
bf16,5,4,0.5672394873050506,0.07743443169937761,0.15614473668080145,1.000000009320074
bf16,6,0,0.4763495129880202,0.08523999076066743,0.20100575477296875,1.000000010874908
bf16,6,1,0.46963473470936523,0.08482514005745549,0.20193829574477762,1.0000000103940268
bf16,6,2,0.47764660981164425,0.08494181026242775,0.19420019792165405,1.0000000098649464
bf16,6,3,0.4926877844803027,0.08417026157135116,0.18162104804047255,1.000000010212808
bf16,6,4,0.5439217503652028,0.07760847860843144,0.1526506931362006,1.0000000114183458
bf16,7,0,0.5023800020982486,0.07435065323954271,0.18669553407774028,1.000000008913002
bf16,7,1,0.4761438974507824,0.07338653649169458,0.19841671040194345,1.0000000098288204
bf16,7,2,0.47863230678394086,0.0721649695022262,0.19555529655265644,1.0000000086663217
bf16,7,3,0.49136883246203594,0.07090113973177908,0.18525233777677555,1.000000009893858
bf16,7,4,0.5435058274145746,0.06774731541563343,0.15589763039789867,1.0000000090095797
bf16,8,0,0.5045502185303055,0.07660770934512753,0.17421388734003776,1.0000000098964026
bf16,8,1,0.47812628475175756,0.07574736966639815,0.18392941686324782,1.0000000116002667
bf16,8,2,0.4947309604506127,0.07342775718732103,0.17618391082052967,1.000000009217453
bf16,8,3,0.5063966498720187,0.07134628343219362,0.16797118392585414,1.0000000109788145
bf16,8,4,0.5579752422840369,0.06785329633255346,0.1433808301993715,1.0000000107417497
bf16,10,0,0.5010247449859484,0.07974651946123801,0.17758243022253742,1.0000000100710518
bf16,10,1,0.49077787458882094,0.07743031259714946,0.18232485538847637,1.0000000107545892
bf16,10,2,0.4908931789985217,0.0756050016573395,0.1803446131723898,1.0000000123894282
bf16,10,3,0.5073353599275126,0.07292627762925027,0.16971942089930295,1.0000000103057443
bf16,10,4,0.5543841328831386,0.06995095236929957,0.14506895288984564,1.0000000094551325
bf16,12,0,0.47592058540009285,0.0784134314515473,0.1910712728466698,1.0000000100465656
bf16,12,1,0.4718474463634873,0.07648865684592002,0.192024228587198,1.000000010852903
bf16,12,2,0.48060880416083424,0.07445769081748749,0.1871207843402604,1.000000011456637
bf16,12,3,0.49429796996389785,0.07260338280775615,0.177669977507375,1.0000000111855447
bf16,12,4,0.5471050237789986,0.06886943614705683,0.15139217791341555,1.0000000087639314
bf16,14,0,0.4825903880986045,0.08406878560064997,0.1850459381558014,1.0000000092608896
bf16,14,1,0.4942216348023741,0.0820096213055725,0.17985548958197428,1.0000000094764159
bf16,14,2,0.4924594438055971,0.0822060451554282,0.17734943024403982,1.000000010516195
bf16,14,3,0.5026769364173325,0.08175491535053392,0.16908964411720967,1.000000010185398
bf16,14,4,0.5478856012314487,0.0777431537330215,0.14587154683206421,1.0000000098257262
bf16,16,0,0.49060018903837765,0.07636388949290619,0.1917463727591288,1.0000000090146153
bf16,16,1,0.4995009721707095,0.07374270177835601,0.18704626922723636,1.0000000098789346
bf16,16,2,0.5164617798758696,0.07201702495479416,0.17715746997392098,1.000000010641338
bf16,16,3,0.5335796467524805,0.06985888553108958,0.16603039705918896,1.0000000094338142
bf16,16,4,0.5844166736716065,0.06609712160718785,0.13997060034496286,1.000000010954866
bf16,18,0,0.48535754264082265,0.0703488515389701,0.19308304821683522,1.000000009219489
bf16,18,1,0.4907868474099952,0.06858863019375784,0.1895871937307539,1.0000000094942783
bf16,18,2,0.49608894423592415,0.06766787008303558,0.18534976103487516,1.0000000109331113
bf16,18,3,0.5132859649293906,0.06596865215666202,0.17482493289975942,1.000000010469511
bf16,18,4,0.5573560041335172,0.06449907630166545,0.15044095860271395,1.0000000100740423
bf16,20,0,0.47841522294324074,0.06917805958263909,0.19331107897638436,1.0000000084054965
bf16,20,1,0.47570352293486295,0.066223017126758,0.1944109684910034,1.0000000116409866
bf16,20,2,0.48930132929222225,0.06396722220131912,0.18563964056911236,1.0000000126817543
bf16,20,3,0.5075815888040072,0.06173739136381759,0.1738759673876942,1.0000000096921382
bf16,20,4,0.5521100563945868,0.06053075552487859,0.14962323710119738,1.0000000090019396
int4,0,0,1.0,1.0,,1.0
int4,0,1,1.0,1.0,,1.0
int4,0,2,1.0,1.0,,1.0
int4,0,3,1.0,1.0,,1.0
int4,0,4,1.0,1.0,,1.0
int4,1,0,0.5758749764084957,0.42412503454262923,0.42412503454262923,1.000000010951125
int4,1,1,0.563959666327746,0.4360403446806431,0.4360403446806431,1.000000011008389
int4,1,2,0.5839932218159514,0.41600678816968095,0.41600678816968095,1.0000000099856323
int4,1,3,0.619849937253942,0.3801500722810118,0.3801500722810118,1.0000000095349537
int4,1,4,0.697747940827092,0.3022520678432625,0.3022520678432625,1.0000000086703544
int4,2,0,0.5265934916230403,0.1887484095588176,0.2846581099940184,1.0000000111758762
int4,2,1,0.5310854482223041,0.19112182549541307,0.2777927358980243,1.0000000096157415
int4,2,2,0.5413038927690919,0.18998540076021056,0.26871071723192785,1.0000000107612301
int4,2,3,0.5667425665392158,0.1846212192011933,0.2486362252156983,1.0000000109561076
int4,2,4,0.6288323534389578,0.15950467848433053,0.2116629761441059,1.0000000080673943
int4,3,0,0.5139208120237864,0.12425893138948865,0.24195492893536366,1.0000000110125038
int4,3,1,0.512962403591869,0.12745362922791234,0.23798716469833314,1.0000000144979941
int4,3,2,0.5225231254594053,0.1285682960779282,0.2282296770460865,1.000000012727317
int4,3,3,0.5461066297230666,0.12713081476507868,0.2107583591757618,1.0000000101232978
int4,3,4,0.601004969577318,0.11334948684723176,0.18093900034372284,1.0000000076546645
int4,4,0,0.5133740525783247,0.1023937810806712,0.21792087953815126,1.000000011772928
int4,4,1,0.4981788401816394,0.10512868833737027,0.22258299494096717,1.000000011487888
int4,4,2,0.5063878931554627,0.10606827181792577,0.21385982612172727,1.0000000137936778
int4,4,3,0.5256237595950044,0.10545137395124754,0.19894130249088413,1.0000000105223146
int4,4,4,0.5773585255619966,0.096899505451486,0.170010715047721,1.0000000121039774
int4,5,0,0.4991843849195261,0.08322924706128644,0.2060456824404995,1.0000000107282578
int4,5,1,0.48667523355602654,0.08582535575110174,0.20667845091286127,1.0000000109068725
int4,5,2,0.4928398312337339,0.08680948254635344,0.1990330761660179,1.0000000109349727
int4,5,3,0.5111236407605316,0.08687734520778609,0.18477685831905408,1.0000000107155254
int4,5,4,0.5613027545068624,0.0796142158400328,0.15709028821028947,1.000000009377347
int4,6,0,0.4625433211895548,0.08848094899442037,0.2057229856758769,1.000000010054289
int4,6,1,0.46327242102520877,0.08808432747541953,0.20344277435185548,1.0000000109331346
int4,6,2,0.4724515346801326,0.08799863297242273,0.19566233766117547,1.0000000110219094
int4,6,3,0.48926512456132704,0.08729706629512622,0.1822924395834518,1.0000000114996321
int4,6,4,0.5404705968624142,0.0816321591094981,0.1525967267465872,1.0000000085671117
int4,7,0,0.47284459301843973,0.08122028777276379,0.20081770092160522,1.0000000125384048
int4,7,1,0.45755412615011065,0.08166283568012256,0.20871103858042733,1.0000000094802628
int4,7,2,0.4639506629165864,0.08071447985508982,0.20414275383092767,1.0000000112422673
int4,7,3,0.4805811394021105,0.07982105317969233,0.19254341803402733,1.0000000102376725
int4,7,4,0.5361821132299628,0.07753422770530323,0.16162217244833568,1.0000000089827328
int4,8,0,0.48014600711246247,0.08421721896206519,0.18173811814307952,1.0000000101604942
int4,8,1,0.4734902282573414,0.08220548411515026,0.1861199177000175,1.0000000095844774
int4,8,2,0.49425915032520096,0.08038299856625597,0.17529616213276444,1.0000000109468818
int4,8,3,0.5183572423331363,0.07829235600026246,0.16046100966632368,1.000000010650461
int4,8,4,0.5798215758415471,0.07505498126615412,0.1315008462671863,1.0000000097016497
int4,10,0,0.46564379595796773,0.0911877396174195,0.19060763830528704,1.0000000098147919
int4,10,1,0.46616926825084154,0.08932899402896981,0.19244300221552194,1.0000000079632223
int4,10,2,0.4694013107296391,0.0888445568460291,0.18823189585166766,1.0000000091316503
int4,10,3,0.48423341916709955,0.087781181969681,0.17812718285077372,1.000000011401468
int4,10,4,0.5318312144043578,0.08647390367786335,0.15291655492921433,1.0000000094324677
int4,12,0,0.4511937715847765,0.09239409583028141,0.19091358796747418,1.0000000109931297
int4,12,1,0.4500217486794604,0.09074290572178952,0.194303576301199,1.0000000100972488
int4,12,2,0.46451850638757736,0.09006114893952852,0.1853156885432934,1.0000000092239167
int4,12,3,0.4789405838493083,0.08869852105173306,0.17566852944534428,1.0000000095901047
int4,12,4,0.5246883473524916,0.08632836863660624,0.15242634049220086,1.0000000093583035
int4,14,0,0.457690575193879,0.09469374117810125,0.18503479855454422,1.0000000100944868
int4,14,1,0.4635513230522823,0.09207507179893987,0.1860370397889508,1.0000000082341356
int4,14,2,0.46575987689790993,0.09169475108867654,0.1824318936771845,1.0000000099755264
int4,14,3,0.4737801186204739,0.09127110967068532,0.17473987267181254,1.000000009927463
int4,14,4,0.5161086753175737,0.08858798017916981,0.1541447061905206,1.0000000078708813
int4,16,0,0.4589588251594386,0.08482475739601124,0.2055200201603401,1.0000000095026478
int4,16,1,0.4650942237483428,0.08218601611619035,0.2058517308980637,1.000000009626742
int4,16,2,0.4862658045911371,0.0799717231073323,0.19429044615818486,1.00000001018604
int4,16,3,0.5125311347845936,0.07698631389811286,0.17903395840096187,1.000000008941235
int4,16,4,0.5626716795017138,0.07433747827131112,0.15026646798441,1.0000000088548593
int4,18,0,0.4403579455358408,0.08107457212067351,0.18582618840572893,1.000000009208614
int4,18,1,0.4382771712087023,0.07909535128861467,0.19011929524467971,1.0000000080336597
int4,18,2,0.44367512995837977,0.0790777344501125,0.18443196246568097,1.0000000100746742
int4,18,3,0.4574095170281471,0.07839179614959532,0.17491793184049637,1.0000000091479935
int4,18,4,0.49985558096679467,0.07833386011650668,0.15357167433679997,1.0000000106474323
int4,20,0,0.4423890040307824,0.08427961505542585,0.17651518920302572,1.000000009367347
int4,20,1,0.4277675716829202,0.08351341310143552,0.1847147216838493,1.0000000097278368
int4,20,2,0.43530915766103945,0.08273949797244479,0.1777727943000813,1.0000000093219181
int4,20,3,0.4492104434275998,0.08151801894797511,0.16751686992545184,1.0000000097894621
int4,20,4,0.4867152210976403,0.08154290363219034,0.15002955821250064,1.000000007712659
int3,0,0,1.0,1.0,,1.0
int3,0,1,1.0,1.0,,1.0
int3,0,2,1.0,1.0,,1.0
int3,0,3,1.0,1.0,,1.0
int3,0,4,1.0,1.0,,1.0
int3,1,0,0.5544809380865275,0.4455190694493164,0.4455190694493164,1.000000007535844
int3,1,1,0.54668450120802,0.45331550848996915,0.45331550848996915,1.000000009697989
int3,1,2,0.5670206826663128,0.43297932711812553,0.43297932711812553,1.0000000097844384
int3,1,3,0.6010459286885128,0.3989540816295495,0.3989540816295495,1.0000000103180624
int3,1,4,0.6826948340188851,0.31730517519646556,0.31730517519646556,1.0000000092153507
int3,2,0,0.5027515818563255,0.1970148413385585,0.30023358903924463,1.0000000122341286
int3,2,1,0.511513145130852,0.19740820569907858,0.291078660880265,1.0000000117101955
int3,2,2,0.5225639274744834,0.19548493264101802,0.281951151948683,1.0000000120641843
int3,2,3,0.5518923222947504,0.18765985170838817,0.2604478345554392,1.0000000085585778
int3,2,4,0.617674154361615,0.16236897211363915,0.21995688159217097,1.0000000080674252
int3,3,0,0.4934916606983515,0.12779748677575536,0.2547361872423036,1.0000000107266278
int3,3,1,0.4961912345382626,0.12957626335100605,0.24961337374417647,1.0000000109379066
int3,3,2,0.5063042029851611,0.12954295872109306,0.24079089266996126,1.0000000114552008
int3,3,3,0.5326058566554113,0.1267944866396714,0.2227947638391655,1.0000000109347131
int3,3,4,0.5914223349907032,0.11315567459331659,0.19015898936626457,1.000000010936148
int3,4,0,0.48303238142398186,0.10970883818922121,0.2356689626040827,1.0000000116119734
int3,4,1,0.4816096398791329,0.11043616327395418,0.2335866572578973,1.0000000114751353
int3,4,2,0.491314715016105,0.1099569780414674,0.225621115148587,1.0000000113694179
int3,4,3,0.5111340534809979,0.1086683027135223,0.21109223602462512,1.000000010802382
int3,4,4,0.5624108642576846,0.100129546803001,0.18317701531211952,1.0000000108617986
int3,5,0,0.47019212586854814,0.08816180076928166,0.21878717247465693,1.000000011573337
int3,5,1,0.46865998692524896,0.08997851457143378,0.2136497326641498,1.0000000108387213
int3,5,2,0.4784996594183513,0.08987020178268448,0.20516082473752448,1.0000000117103807
int3,5,3,0.4963551202724544,0.08894052934884138,0.19187590476110394,1.000000010572657
int3,5,4,0.5492589580634859,0.08099866077123909,0.1651487160055829,1.0000000093055808
int3,6,0,0.4390115371935719,0.09616668459353875,0.2134649195020352,1.0000000100375273
int3,6,1,0.44681398329834077,0.0951651335576133,0.20712123363962204,1.0000000104120268
int3,6,2,0.4561768305010682,0.0941065370813787,0.19925804488938645,1.000000010231177
int3,6,3,0.4716438767578641,0.09226817996866347,0.18833989529903863,1.0000000101879443
int3,6,4,0.5205269917329942,0.08652785904955299,0.16198378935298904,1.0000000094408978
int3,7,0,0.44420957313963694,0.09466107146913097,0.20720575844644806,1.0000000089195509
int3,7,1,0.41895011270279175,0.10015560630261593,0.21783277800983605,1.000000010640569
int3,7,2,0.4305974867426644,0.09874401537237171,0.21014392599118525,1.0000000102476676
int3,7,3,0.45035789223760114,0.09754608385609136,0.19625981741852155,1.000000010221649
int3,7,4,0.4975178122494037,0.09772161490849676,0.1698157163815469,1.0000000096132342
int3,8,0,0.4348978898547807,0.10471364003738187,0.19018146198294647,1.0000000109682936
int3,8,1,0.4177597981754608,0.10571547133146879,0.2070374616568356,1.000000009400315
int3,8,2,0.4282229309621606,0.10662609533648926,0.19815155253066538,1.0000000103531086
int3,8,3,0.4541463622701889,0.10328030048240176,0.18389807438954314,1.0000000095611234
int3,8,4,0.481377498930629,0.1075251463289061,0.1694276731756637,1.0000000098033053
int3,10,0,0.40266317088284664,0.12185361845467586,0.17792058973643218,1.0000000102878672
int3,10,1,0.3858193051056771,0.1193129928019281,0.19963907023441235,1.0000000105959064
int3,10,2,0.39013008769909185,0.12044261790255807,0.19473502454272457,1.0000000119511108
int3,10,3,0.4036990623582689,0.11908320261221282,0.18726908245029075,1.0000000105701745
int3,10,4,0.4280349663034738,0.12606722697444106,0.1721802276895485,1.0000000102813895
int3,12,0,0.38937482447740696,0.12882806130073735,0.16314062975275362,1.000000010536191
int3,12,1,0.37441045986809146,0.1262557963818566,0.18407505115335673,1.0000000103429556
int3,12,2,0.3845460665774564,0.12774924920495656,0.17740250628417856,1.0000000111466796
int3,12,3,0.39646005088184055,0.1262685315879126,0.16906883309490722,1.0000000103208853
int3,12,4,0.4151034355064339,0.13238458963673178,0.16037009999229299,1.000000010790075
int3,14,0,0.4032508462981678,0.12060085805601886,0.16465463823474746,1.0000000117832415
int3,14,1,0.38913128780999023,0.11617008252433146,0.18736879325383426,1.000000009286731
int3,14,2,0.3919211715828676,0.11472203609219933,0.18379278996818119,1.0000000102910303
int3,14,3,0.39834571005157715,0.11434781870069582,0.17546595511311253,1.0000000107145883
int3,14,4,0.42279295581226534,0.11478905162681868,0.16410970674618583,1.000000010806313
int3,16,0,0.40462178386218606,0.11952912004023715,0.17602093380005995,1.0000000103849214
int3,16,1,0.39256214304848447,0.11594568902421291,0.1992193054301121,1.0000000081168934
int3,16,2,0.3976782334846104,0.11613713967146598,0.19270199601672147,1.000000009460547
int3,16,3,0.4065638063371066,0.11599349400720611,0.18425116723783838,1.0000000110349463
int3,16,4,0.4217543237531504,0.1206334430354386,0.17037460112187544,1.0000000098084791
int3,18,0,0.4054876341224979,0.11925530020180977,0.17033283613537034,1.0000000112337517
int3,18,1,0.3775700495072939,0.11832447924901282,0.19356000119059227,1.0000000108328044
int3,18,2,0.37876440776802117,0.11918712952554213,0.1884353737023452,1.0000000111217626
int3,18,3,0.3888426318838726,0.11814163873557981,0.17934364123664434,1.0000000101854276
int3,18,4,0.394444399457953,0.12702453219592114,0.16797783792151472,1.000000010943872
int3,20,0,0.3899026287366319,0.12479495014143781,0.1493518263172451,1.0000000102277833
int3,20,1,0.3566376761729367,0.12511559912441214,0.17369733639190796,1.0000000123642538
int3,20,2,0.3660440070672107,0.12435489280873699,0.16821986076646245,1.0000000101644453
int3,20,3,0.37768730080707535,0.12217943105009638,0.16119418537214017,1.0000000108414802
int3,20,4,0.3789910483257025,0.13219665666531205,0.15839944200749784,1.0000000109414269
int2,0,0,1.0,1.0,,1.0
int2,0,1,1.0,1.0,,1.0
int2,0,2,1.0,1.0,,1.0
int2,0,3,1.0,1.0,,1.0
int2,0,4,1.0,1.0,,1.0
int2,1,0,0.41699036005629064,0.5830096517853368,0.5830096517853368,1.0000000118416275
int2,1,1,0.4162307439209447,0.5837692674383073,0.5837692674383073,1.000000011359252
int2,1,2,0.4350283332823623,0.5649716799384573,0.5649716799384573,1.0000000132208196
int2,1,3,0.46399964949528943,0.5360003617160988,0.5360003617160988,1.0000000112113883
int2,1,4,0.5250027207715904,0.47499728922266515,0.47499728922266515,1.0000000099942556
int2,2,0,0.3621461555171361,0.22627690893574176,0.41157694930486655,1.0000000137577445
int2,2,1,0.3712945224145154,0.22640047878415293,0.4023050127378492,1.0000000139365175
int2,2,2,0.3801690270340327,0.22375515379841357,0.3960758334101195,1.0000000142425658
int2,2,3,0.3968698359970908,0.2215849152303876,0.3815452626639011,1.0000000138913796
int2,2,4,0.4446587479340788,0.20585388757038653,0.349487375831059,1.0000000113355243
int2,3,0,0.3525968126554088,0.14570186813706879,0.36230998073092285,1.0000000147780495
int2,3,1,0.3561154706055579,0.14677048095797574,0.3590033404434238,1.0000000137289438
int2,3,2,0.36062147395671296,0.14646946095126626,0.3542486491757531,1.0000000122382282
int2,3,3,0.37182259756697966,0.14409817178044854,0.3465598566181682,1.0000000164062335
int2,3,4,0.40940136376706904,0.13029182255715432,0.3286267905314969,1.0000000137392715
int2,4,0,0.32720889811839543,0.1369363653971555,0.3483319252742352,1.00000001420527
int2,4,1,0.3284465191664653,0.13658092973076877,0.3473173536200731,1.0000000137081668
int2,4,2,0.33323863731733316,0.13621199835432454,0.34244954196382643,1.000000015287501
int2,4,3,0.3408758980521035,0.13633638614474985,0.334318709298451,1.0000000125662123
int2,4,4,0.36891883444504525,0.12988414469763052,0.3179306992234801,1.000000013123342
int2,5,0,0.31596440708845974,0.10245757119376962,0.32010877264848964,1.0000000138979481
int2,5,1,0.3165146465548013,0.10201194584912662,0.31962482797766667,1.0000000106215912
int2,5,2,0.31890682018885735,0.10141989208923068,0.3157379053962089,1.0000000133416473
int2,5,3,0.3225645826712058,0.10019063499323104,0.31010117681084765,1.00000001223521
int2,5,4,0.343234379450506,0.09094066086706369,0.2961037747135077,1.0000000128253508
int2,6,0,0.2816613979252402,0.12895107453918575,0.3041082885501156,1.0000000126709927
int2,6,1,0.28569510860922526,0.12766481732181056,0.3022929423844391,1.0000000112573397
int2,6,2,0.2892353723269412,0.12769550263150858,0.2973114402109921,1.0000000102838622
int2,6,3,0.2920401679248243,0.1291125239920533,0.29065859012189316,1.0000000119909465
int2,6,4,0.3043248066776532,0.1298355982188662,0.2751062764996378,1.0000000110888592
int2,7,0,0.2754410671486901,0.15267006647600623,0.270551695686515,1.0000000118937855
int2,7,1,0.21075540051346112,0.1747045701434318,0.29267546621709634,1.0000000113905707
int2,7,2,0.21543087071862227,0.1741970245873004,0.28803668584107606,1.0000000114375074
int2,7,3,0.21984111961422398,0.1749767572999392,0.2818419013251076,1.000000009844302
int2,7,4,0.2113801754404037,0.1887946819991124,0.27524840244031695,1.0000000106711042
int2,8,0,0.23302346420122866,0.19068956850096588,0.19508252454570202,1.0000000115882615
int2,8,1,0.1954504331353896,0.1930343469395733,0.2487460842589995,1.0000000124626733
int2,8,2,0.19565512135915267,0.19627655539683206,0.24483657897960973,1.0000000126636235
int2,8,3,0.19614487370273098,0.1986916319870269,0.24203979069888762,1.0000000128009532
int2,8,4,0.1687685513364676,0.2229048949797828,0.23683900196629104,1.0000000129076907
int2,10,0,0.1941367420980229,0.2501101013031546,0.13592226766481025,1.0000000118425936
int2,10,1,0.168560857628058,0.23911587300848353,0.18944090644648956,1.000000012118245
int2,10,2,0.16632011779996442,0.2429983506574193,0.18622530192660633,1.0000000120070471
int2,10,3,0.16281976884558771,0.2481973634862462,0.18170047153681576,1.0000000130560567
int2,10,4,0.131950407896894,0.2749531789014495,0.17822864099472535,1.0000000105421352
int2,12,0,0.1817863786323073,0.29662197817858577,0.11566468780581124,1.0000000124350692
int2,12,1,0.15867622413845678,0.2824777308075378,0.16046604341654863,1.000000011728927
int2,12,2,0.1552204369279197,0.2899296718364996,0.1558330523762076,1.000000011936883
int2,12,3,0.15025437228638133,0.2984382197053897,0.15058116099753532,1.0000000130254014
int2,12,4,0.11900607951487127,0.32144361370829505,0.14849932966904758,1.0000000114087444
int2,14,0,0.19769346193861223,0.2967994820621917,0.11516054412991418,1.0000000112178435
int2,14,1,0.17276609621523895,0.2817741821377746,0.15952802535224078,1.0000000114186132
int2,14,2,0.16951405971279404,0.28661104037202195,0.15546285454199982,1.0000000112156235
int2,14,3,0.1641485917932886,0.2937968154097218,0.1507938565922679,1.0000000121380301
int2,14,4,0.12731384471222257,0.31368905755096205,0.14845224805979307,1.0000000122630415
int2,16,0,0.19478828681676205,0.30876955075612017,0.10858296519463363,1.0000000118831172
int2,16,1,0.1716585804019587,0.29437178030450556,0.15238374380456254,1.0000000114892504
int2,16,2,0.16739738223006517,0.3001288327517816,0.14856766179426034,1.0000000119993908
int2,16,3,0.161292264722408,0.307504381059186,0.1447864724144758,1.0000000122776047
int2,16,4,0.12366719749033987,0.328087505628355,0.14322975386366357,1.0000000123864041
int2,18,0,0.18947176127482518,0.30597599919419727,0.10606907311389312,1.0000000117614345
int2,18,1,0.16605429890596304,0.2921201348839396,0.15142058668312122,1.0000000118662058
int2,18,2,0.16364923596235764,0.29723744311033634,0.14812929438803285,1.0000000118783114
int2,18,3,0.1598227261383798,0.3038404264952988,0.14472661883089502,1.0000000123218997
int2,18,4,0.1193563827195672,0.3300324025753609,0.1457688570954445,1.0000000108195672
int2,20,0,0.19211029399465065,0.29784428024194554,0.10841653216576327,1.0000000111921306
int2,20,1,0.16977075975665348,0.2851804790824342,0.15630228865209372,1.0000000111345568
int2,20,2,0.167824316130858,0.2907082639940738,0.15224345019065635,1.0000000111375122
int2,20,3,0.16285146052136398,0.29791371395889044,0.14867676160361887,1.0000000106083011
int2,20,4,0.12312934809615389,0.3184703368883305,0.15108702186046657,1.0000000103927396
k4v2,0,0,1.0,1.0,,1.0
k4v2,0,1,1.0,1.0,,1.0
k4v2,0,2,1.0,1.0,,1.0
k4v2,0,3,1.0,1.0,,1.0
k4v2,0,4,1.0,1.0,,1.0
k4v2,1,0,0.5763295028125863,0.4236705078118744,0.4236705078118744,1.0000000106244606
k4v2,1,1,0.5670618054577737,0.43293820443887604,0.43293820443887604,1.0000000098966497
k4v2,1,2,0.5889776629085343,0.4110223479814454,0.4110223479814454,1.0000000108899796
k4v2,1,3,0.6235422779978427,0.37645773186328985,0.37645773186328985,1.0000000098611326
k4v2,1,4,0.7000308036010848,0.2999692064649599,0.2999692064649599,1.0000000100660447
k4v2,2,0,0.5268277004162815,0.19126535613108128,0.28190695389360654,1.0000000104409694
k4v2,2,1,0.5327074555792257,0.19339651209648248,0.27389604486083113,1.0000000125365394
k4v2,2,2,0.5453870707269138,0.19151383416276366,0.2630991065967395,1.0000000114864172
k4v2,2,3,0.5726558165797204,0.18546952002762332,0.2418746734870149,1.0000000100943587
k4v2,2,4,0.6377414578265788,0.15911038845021666,0.2031481628170392,1.0000000090938346
k4v2,3,0,0.5131936433255089,0.12670999853496007,0.2430103756685437,1.000000010650382
k4v2,3,1,0.5117072489800325,0.1305686757595645,0.2389724992273032,1.0000000120718322
k4v2,3,2,0.5213905826506328,0.13178972593091032,0.22933039412455408,1.0000000102861595
k4v2,3,3,0.5455388193363669,0.13069852785485842,0.21141240604974207,1.0000000114093872
k4v2,3,4,0.6064934260386509,0.11551155779296238,0.17814106365764965,1.0000000097760693
k4v2,4,0,0.5095552820076356,0.10670397961239357,0.21792025882129604,1.0000000121706663
k4v2,4,1,0.5010526819816464,0.10921778634662284,0.21854907455709965,1.0000000111203198
k4v2,4,2,0.511311415422393,0.11021351484924136,0.20891268202367755,1.000000011717507
k4v2,4,3,0.5319756346680893,0.10953674740333018,0.19366657370970913,1.00000001240251
k4v2,4,4,0.5836982420917829,0.10070560559824605,0.16536928901537237,1.0000000106712033
k4v2,5,0,0.49770732883717517,0.08799106399761109,0.20498368028633263,1.0000000112413847
k4v2,5,1,0.4908895726531259,0.0904181522305104,0.2023640301426187,1.0000000108416245
k4v2,5,2,0.4996464172786176,0.09153697862468649,0.19300264695775698,1.0000000084237772
k4v2,5,3,0.520190636631674,0.09166037418142002,0.1774077675908942,1.0000000104664326
k4v2,5,4,0.5734423171990783,0.08336578274437823,0.14921525454620782,1.0000000099661452
k4v2,6,0,0.46777069001707583,0.09273198630323386,0.20404964414969484,1.0000000114346483
k4v2,6,1,0.46877160145035013,0.09266917097837049,0.20054699865945122,1.0000000105631703
k4v2,6,2,0.48124974995557246,0.09248362647994982,0.19082486216578182,1.0000000112442926
k4v2,6,3,0.4989366352742459,0.09194271479630187,0.17707344610545858,1.000000010235676
k4v2,6,4,0.5540989892511587,0.08551885253257382,0.14647558945073766,1.0000000084575578
k4v2,7,0,0.47141382819493255,0.08236175595683798,0.20342403948463333,1.0000000104857496
k4v2,7,1,0.46843651039989376,0.08192568100083142,0.20515046070881737,1.0000000108903233
k4v2,7,2,0.47701838662014134,0.0805962716570657,0.19990244950157057,1.0000000106457319
k4v2,7,3,0.49394758984496917,0.07980313971246925,0.18837474270753943,1.0000000095024595
k4v2,7,4,0.5540947737854032,0.07732245582255592,0.15639105634968636,1.000000010672603
k4v2,8,0,0.4948714507936127,0.08398797785064543,0.17467821062050962,1.000000011858949
k4v2,8,1,0.49659104527729325,0.0827525981047411,0.17348087555017425,1.000000010914401
k4v2,8,2,0.5114216070771764,0.081714807638582,0.16426106268826748,1.0000000086638194
k4v2,8,3,0.5279186575444462,0.08046282133940183,0.15316689408716264,1.0000000095678396
k4v2,8,4,0.5849863399924491,0.07792158636493192,0.1284745119136965,1.0000000100751727
k4v2,10,0,0.4855557719318312,0.08986693096955639,0.17363927205464008,1.0000000089202818
k4v2,10,1,0.49103871855660586,0.08718068045369634,0.17032773341192362,1.0000000098520667
k4v2,10,2,0.4950827417618172,0.08674810204239394,0.16570885538310026,1.0000000099801043
k4v2,10,3,0.5053942359221427,0.08601191413426594,0.1569707938161661,1.000000009702636
k4v2,10,4,0.543352905115885,0.08551660109821609,0.14075550938615822,1.000000008916527
k4v2,12,0,0.46268998769939784,0.09566048491500018,0.1738129643242886,1.0000000101415703
k4v2,12,1,0.4677675034996085,0.09359872133999726,0.17274281149298917,1.0000000093488173
k4v2,12,2,0.4780070478385622,0.09387343909336913,0.16528259913611687,1.000000010463745
k4v2,12,3,0.4924459927689355,0.09298352810638888,0.15593453476160196,1.0000000102378113
k4v2,12,4,0.5311817882273588,0.0896326976579345,0.1401246541917014,1.0000000093712786
k4v2,14,0,0.4603666387753306,0.09966765374449299,0.173729245320249,1.0000000091288577
k4v2,14,1,0.47443754582151676,0.09693552624636073,0.17181703252933436,1.0000000090931531
k4v2,14,2,0.47720411950660335,0.09674528807997738,0.16869353825750286,1.000000010568884
k4v2,14,3,0.4898363195934776,0.09617276926591904,0.1604313789862553,1.0000000103354978
k4v2,14,4,0.5267271548462441,0.09352483548555024,0.14485788002051847,1.0000000110461131
k4v2,16,0,0.4656944369899404,0.08920995086839499,0.17145541424650684,1.0000000085716998
k4v2,16,1,0.4744937740380851,0.08603794916392939,0.17052196806002434,1.000000010808388
k4v2,16,2,0.4796496329958177,0.08483484299362722,0.16605480492661523,1.0000000079050735
k4v2,16,3,0.4908320579335851,0.08315827957039464,0.15892504962722775,1.0000000100791904
k4v2,16,4,0.5307866592127002,0.0813129822171538,0.1428251746484656,1.0000000097510737
k4v2,18,0,0.4773180280406787,0.08450726399489754,0.1751907307608538,1.0000000114735368
k4v2,18,1,0.4715248776932572,0.08301886910984548,0.1793436648667449,1.0000000089278323
k4v2,18,2,0.4726186798556698,0.0830804846528904,0.17504967346192446,1.0000000083375198
k4v2,18,3,0.48454887167273336,0.0820963326675391,0.16609563224655752,1.0000000098064212
k4v2,18,4,0.5124147744354964,0.08298670608660527,0.15074651479436493,1.0000000099385
k4v2,20,0,0.47089600699061185,0.09041847089652882,0.1635842137830171,1.0000000079495006
k4v2,20,1,0.4595325671341453,0.08902442868890859,0.16928046319501142,1.0000000106057305
k4v2,20,2,0.4718307118696463,0.08873313031803669,0.1606180345539879,1.0000000106620806
k4v2,20,3,0.48727149052164914,0.08734928819945643,0.15112142225401903,1.0000000101900426
k4v2,20,4,0.5064342640717463,0.08926410030720339,0.14075515349438694,1.0000000125856836
k2v4,0,0,1.0,1.0,,1.0
k2v4,0,1,1.0,1.0,,1.0
k2v4,0,2,1.0,1.0,,1.0
k2v4,0,3,1.0,1.0,,1.0
k2v4,0,4,1.0,1.0,,1.0
k2v4,1,0,0.41532035455183414,0.5846796563856688,0.5846796563856688,1.000000010937503
k2v4,1,1,0.41108451696068005,0.5889154916167845,0.5889154916167845,1.0000000085774645
k2v4,1,2,0.42732533230718467,0.572674678989117,0.572674678989117,1.0000000112963017
k2v4,1,3,0.4525100577924469,0.5474899536589402,0.5474899536589402,1.000000011451387
k2v4,1,4,0.5085748759066014,0.4914251374615425,0.4914251374615425,1.000000013368144
k2v4,2,0,0.3607956184625637,0.2250871693514422,0.4141172236267097,1.0000000114407155
k2v4,2,1,0.36781582439140975,0.22535331202634545,0.4068308776205715,1.0000000140383267
k2v4,2,2,0.3757381585701229,0.2218273772533764,0.4024344780590145,1.0000000138825138
k2v4,2,3,0.39016569989028155,0.22004381389291391,0.38979049970253576,1.0000000134857312
k2v4,2,4,0.43468796145095506,0.20777148432807727,0.3575405667402299,1.0000000125192623
k2v4,3,0,0.35404099152879276,0.14077097976813904,0.36550438720603584,1.000000012144173
k2v4,3,1,0.3555430786388805,0.14101885867721983,0.36475963938304373,1.0000000148463153
k2v4,3,2,0.3581800645177956,0.14143522780019946,0.36081345642580537,1.000000015013723
k2v4,3,3,0.36813583244600306,0.13989140302736716,0.3535169674355225,1.0000000135617246
k2v4,3,4,0.4040939427074694,0.12918814238027726,0.3337531009283676,1.0000000138992622
k2v4,4,0,0.32924766758600593,0.1308984834868978,0.35603352003058214,1.0000000126379542
k2v4,4,1,0.33001166883347016,0.1303835897397086,0.3559923807654909,1.000000013627141
k2v4,4,2,0.33406522263010424,0.12990377130390024,0.35222667997144597,1.0000000123717419
k2v4,4,3,0.3404015177333889,0.13015314694855115,0.34524609401985934,1.000000014727751
k2v4,4,4,0.366944864991631,0.12613742221912144,0.3273951382772928,1.0000000149662003
k2v4,5,0,0.31953513099732067,0.0961893540777291,0.3302798836957663,1.0000000120033223
k2v4,5,1,0.3197824058218396,0.09556018012735873,0.33082764713348034,1.0000000142069339
k2v4,5,2,0.3214580774702308,0.09496819172011416,0.3281668231794524,1.0000000133788758
k2v4,5,3,0.32420367273142026,0.0941681003885471,0.322893712238012,1.0000000110291392
k2v4,5,4,0.342829767702386,0.0872685226692435,0.3071871804845244,1.0000000120071355
k2v4,6,0,0.2836322836773939,0.12344020027376244,0.3179578573962553,1.000000010998892
k2v4,6,1,0.2880967837960472,0.12238501762498076,0.3160213313120444,1.0000000121436945
k2v4,6,2,0.2911444188555699,0.12253423205348316,0.31168059342809207,1.000000011312803
k2v4,6,3,0.2932664626947539,0.12410912278526798,0.30544561458788216,1.0000000115094845
k2v4,6,4,0.30491184077364536,0.1260246580308645,0.2878499074288238,1.000000011486544
k2v4,7,0,0.28032269336330895,0.14876229892834086,0.28186356614923735,1.0000000120490076
k2v4,7,1,0.21039828326642135,0.1718445763834838,0.31045751049112175,1.0000000113080563
k2v4,7,2,0.21810976733380943,0.16976861562020695,0.3058015595751823,1.0000000118413166
k2v4,7,3,0.22392865938724943,0.16976144505585952,0.2990418093724725,1.0000000122058952
k2v4,7,4,0.22367306735798562,0.18027054822013422,0.28906717798230663,1.0000000123872765
k2v4,8,0,0.23088364772989498,0.1869570249464164,0.21254731609768457,1.0000000136628802
k2v4,8,1,0.18887281442031242,0.18873792043224163,0.27145778337715604,1.0000000107811682
k2v4,8,2,0.19055554636094899,0.19063256884457794,0.2682535320089233,1.000000012220123
k2v4,8,3,0.19414971498574857,0.18971001312264785,0.2668265826056962,1.0000000129435471
k2v4,8,4,0.17086102821420193,0.2101730309777917,0.26326289914140943,1.0000000125869675
k2v4,10,0,0.189341926994298,0.2500254676084431,0.1445867220334886,1.0000000128028002
k2v4,10,1,0.16223508503015333,0.23703404386329505,0.20268619909426583,1.0000000128375937
k2v4,10,2,0.1603569347046287,0.2401255913126214,0.2010314623851661,1.000000013013907
k2v4,10,3,0.15898254252159463,0.24187996897941322,0.19847349840786568,1.0000000126079553
k2v4,10,4,0.13290518615529595,0.2670306353195984,0.19487752511739503,1.0000000121134898
k2v4,12,0,0.179514494059671,0.29830245209547385,0.12789118868900845,1.0000000112070953
k2v4,12,1,0.15580391163534923,0.2838103172136471,0.18021293176390357,1.0000000115670584
k2v4,12,2,0.1545000632374826,0.2912517981638236,0.17565233399134875,1.000000012832538
k2v4,12,3,0.15389217754671075,0.29674021206209794,0.16984495620563392,1.000000011947238
k2v4,12,4,0.1258628596630214,0.31693273889056095,0.1690292320379942,1.0000000124703965
k2v4,14,0,0.20273471817345892,0.29067827063672996,0.1250424997719906,1.000000012563293
k2v4,14,1,0.17642503565491946,0.27594644588556283,0.174949517103367,1.00000001219214
k2v4,14,2,0.17494043306658186,0.2811364356820748,0.1712778974049056,1.000000011502517
k2v4,14,3,0.1721651986088432,0.28746678198566994,0.16616443552575894,1.000000011151328
k2v4,14,4,0.13837296296186274,0.3043996229004633,0.16084476356007618,1.0000000121382708
k2v4,16,0,0.20239408597625277,0.30049398076263495,0.11905446572270226,1.0000000116809113
k2v4,16,1,0.17655646832553176,0.288260647193615,0.16805975750208343,1.000000012047641
k2v4,16,2,0.1738391135012665,0.29468306581731185,0.1637266914851757,1.0000000116812238
k2v4,16,3,0.17024844051471094,0.3015473783244724,0.1599880308049184,1.00000001174064
k2v4,16,4,0.13441110421737607,0.32318651550708133,0.15801266001890998,1.0000000112922562
k2v4,18,0,0.20490874189669436,0.30661194567327144,0.11326423843819175,1.0000000117048111
k2v4,18,1,0.17884821448610863,0.29560960917819856,0.1604029398113467,1.0000000124586625
k2v4,18,2,0.17758100457438364,0.3013565334689769,0.15679942789262255,1.0000000125811335
k2v4,18,3,0.1762547606266137,0.3064190718698901,0.1534065419057798,1.0000000105665667
k2v4,18,4,0.13089935074496803,0.3366346818343218,0.15409134009522088,1.0000000113564893
k2v4,20,0,0.21288956040691237,0.2999243805995555,0.11677560390186648,1.0000000115899663
k2v4,20,1,0.18468878173655803,0.29098568480306597,0.16520787871893314,1.0000000117798682
k2v4,20,2,0.18417646112217395,0.29723681311416267,0.1599385651605122,1.0000000101435742
k2v4,20,3,0.18096657986586273,0.3048796908852333,0.1551111889580001,1.000000010831022
k2v4,20,4,0.1340823052749989,0.3311620144630541,0.15770743412314106,1.0000000114076146
