config,chunk_idx,iq_mean,iq_std,n_videos
kivi_fix/kivi_fix_kivi4,0,63.48225657145182,7.414239775986033,3
kivi_fix/kivi_fix_kivi4,1,63.077430725097656,7.061626350454526,3
kivi_fix/kivi_fix_kivi4,2,63.88755798339844,7.171734420215317,3
kivi_fix/kivi_fix_kivi4,3,64.66980997721355,8.437842999340193,3
kivi_fix/kivi_fix_kivi4,4,64.91205724080403,8.786256742982218,3
kivi_fix/kivi_fix_kivi4,5,67.35465240478516,7.487734450086831,3
kivi_fix/kivi_fix_kivi4,6,67.29815419514973,6.46503181638459,3
kivi_fix/kivi_fix_kivi4,7,65.25651550292969,9.879771447244147,3
kivi_fix/kivi_fix_kivi4,8,65.89622243245442,7.4103116694800715,3
kivi_fix/kivi_fix_kivi4,9,63.27280044555664,7.408944442557638,3
kivi_fix/kivi_fix_kivi4,10,65.24682871500652,6.708447456627027,3
kivi_fix/kivi_fix_kivi4,11,62.105698903401695,8.374455823295262,3
kivi_fix/kivi_fix_kivi4,12,61.298211415608726,7.911655582872901,3
kivi_fix/kivi_fix_kivi4,13,62.713793436686196,7.4449116371219075,3
kivi_fix/kivi_fix_kivi4,14,61.0630137125651,8.1700921852074,3
kivi_fix/kivi_fix_kivi4,15,58.284079233805336,9.887028476375638,3
kivi_fix/kivi_fix_kivi4,16,57.22618865966797,10.704065916689732,3
kivi_fix/kivi_fix_kivi4,17,61.357879638671875,7.199760438918353,3
kivi_fix/kivi_fix_kivi4,18,59.59820429484049,8.936609159518438,3
kivi_fix/kivi_fix_kivi4,19,56.94453684488932,11.31583209980365,3
kivi_fix/kivi_fix_kivi4,20,53.228904724121094,11.68532550644456,3
kivi_fix/kivi_fix_kivi2,0,62.66931025187174,8.158916456387088,3
kivi_fix/kivi_fix_kivi2,1,57.1985969543457,7.670525088621639,3
kivi_fix/kivi_fix_kivi2,2,53.94179026285807,10.63812773138052,3
kivi_fix/kivi_fix_kivi2,3,51.29957834879557,11.833235599877542,3
kivi_fix/kivi_fix_kivi2,4,48.88172403971354,12.039805629015168,3
kivi_fix/kivi_fix_kivi2,5,49.1093864440918,10.336531080041057,3
kivi_fix/kivi_fix_kivi2,6,48.50656509399414,11.327768383947554,3
kivi_fix/kivi_fix_kivi2,7,48.90324147542318,9.946425078129353,3
kivi_fix/kivi_fix_kivi2,8,46.878011067708336,13.854511539907989,3
kivi_fix/kivi_fix_kivi2,9,52.22552744547526,8.759591966677931,3
kivi_fix/kivi_fix_kivi2,10,51.72866185506185,9.74998845626594,3
kivi_fix/kivi_fix_kivi2,11,49.340850830078125,8.851299424923456,3
kivi_fix/kivi_fix_kivi2,12,48.79227828979492,8.57260123941302,3
kivi_fix/kivi_fix_kivi2,13,47.21485137939453,8.784840135122954,3
kivi_fix/kivi_fix_kivi2,14,47.88605499267578,7.346834906515191,3
kivi_fix/kivi_fix_kivi2,15,40.2258415222168,10.594637694299951,3
kivi_fix/kivi_fix_kivi2,16,42.77151425679525,9.480189320897557,3
kivi_fix/kivi_fix_kivi2,17,44.88151550292969,5.817625013848826,3
kivi_fix/kivi_fix_kivi2,18,44.02010726928711,7.524903231960745,3
kivi_fix/kivi_fix_kivi2,19,40.53323491414388,5.3602087841115615,3
kivi_fix/kivi_fix_kivi2,20,41.21686045328776,0.6866060738743076,3
kv_kivi4,0,63.074530283610024,8.055029827099737,3
kv_kivi4,1,62.30694707234701,7.600811346640362,3
kv_kivi4,2,59.47016143798828,13.276792913030702,3
kv_kivi4,3,59.852962493896484,17.61138367578553,3
kv_kivi4,4,62.52734375,14.799736407047313,3
kv_kivi4,5,62.87830607096354,13.678199284134276,3
kv_kivi4,6,65.18984731038411,11.416271117910291,3
kv_kivi4,7,62.22813161214193,11.924981661105297,3
kv_kivi4,8,63.787305196126304,12.119034331377652,3
kv_kivi4,9,65.82023620605469,9.321731730873077,3
kv_kivi4,10,65.58169047037761,9.496483635133961,3
kv_kivi4,11,66.48783365885417,10.01070738706877,3
kv_kivi4,12,64.69394048055013,9.686957590443988,3
kv_kivi4,13,64.87442525227864,9.060852638713973,3
kv_kivi4,14,64.91674296061198,7.531081427084597,3
kv_kivi4,15,61.69604746500651,10.03899840362237,3
kv_kivi4,16,55.89617411295573,11.690847538666482,3
kv_kivi4,17,56.934326171875,13.459184796020068,3
kv_kivi4,18,57.95662053426107,12.109348145747376,3
kv_kivi4,19,58.77886962890625,11.539651911719034,3
kv_kivi4,20,59.673205057779946,12.873308780975684,3
