chunk_idx,config,n_prompts,musiq_ci95,musiq_mean,musiq_std
0,A1_bf16,10,4.252392030868857,70.59945030212403,6.508763312554374
1,A1_bf16,10,4.353533787181819,69.99124946594239,6.663572123237479
2,A1_bf16,10,4.405650698389205,69.77293853759765,6.743342905697763
3,A1_bf16,10,4.667740633797756,70.11729888916015,7.1445009700986075
4,A1_bf16,10,4.6383260572324625,71.03400039672852,7.0994786590292795
5,A1_bf16,10,4.2649382669513995,71.58748321533203,6.527966735129692
6,A1_bf16,10,3.53325391093007,71.70147323608398,5.408041700403168
7,A1_bf16,10,3.771059383180992,71.46794738769532,5.772029668134172
8,A1_bf16,10,4.172586275606663,71.65166320800782,6.386611646336729
9,A1_bf16,10,3.825745070112684,71.54250946044922,5.855732250172476
10,A1_bf16,10,3.7462799205790933,71.56043701171875,5.734101919253715
11,A1_bf16,10,3.7187843117484114,71.9962059020996,5.692016803696548
12,A1_bf16,10,3.3166239490499243,71.88663291931152,5.07646522813764
13,A1_bf16,10,4.081887895370366,71.4079605102539,6.2477875949546435
14,A1_bf16,10,3.78032335842101,70.91976623535156,5.786209222072975
15,A1_bf16,10,3.446252322064686,71.29551048278809,5.274876003160234
16,A1_bf16,10,3.8866437997105985,71.18602676391602,5.948944591393773
17,A1_bf16,10,3.6419580689790028,71.68383979797363,5.574425615784189
18,A1_bf16,10,3.688945403238434,71.49367446899414,5.646345004956787
19,A1_bf16,10,3.8127707802314306,71.60277671813965,5.835873643211373
20,A1_bf16,10,4.1971643722755045,70.79047317504883,6.424231182054345
0,kivi4_rw0,10,4.307635479757474,70.56542282104492,6.593319611873686
1,kivi4_rw0,10,4.2253262150269375,69.7244384765625,6.4673360434085785
2,kivi4_rw0,10,4.133453818709435,70.53436050415038,6.32671502863689
3,kivi4_rw0,10,4.397915287016941,71.1475227355957,6.731502990332054
4,kivi4_rw0,10,4.506489814582378,71.02859382629394,6.897688491707721
5,kivi4_rw0,10,3.8390635481955786,71.76794204711913,5.876117675809561
6,kivi4_rw0,10,3.6749576095435477,71.62282028198243,5.624935116648288
7,kivi4_rw0,10,4.783495847779722,70.65986251831055,7.321677318030188
8,kivi4_rw0,10,4.327011501284677,70.44069137573243,6.622976787680629
9,kivi4_rw0,10,4.680816644239945,69.6654598236084,7.164515271795834
10,kivi4_rw0,10,4.085506121548654,69.89575424194337,6.253325696247941
11,kivi4_rw0,10,4.84196999913686,69.02808113098145,7.41117857010744
12,kivi4_rw0,10,4.7887876884028655,68.40195426940917,7.329777074086019
13,kivi4_rw0,10,4.344218073319318,68.30546722412109,6.64931337752957
14,kivi4_rw0,10,4.996114478589096,68.1589340209961,7.647113997840454
15,kivi4_rw0,10,5.933571849810195,66.72442436218262,9.08199772930132
16,kivi4_rw0,10,6.331468505555974,66.90034866333008,9.691023222789758
17,kivi4_rw0,10,4.675186185855934,67.2660587310791,7.155897223248879
18,kivi4_rw0,10,5.529122162666185,67.03261604309083,8.46294208571355
19,kivi4_rw0,10,6.267135739333252,66.6249885559082,9.5925547030611
20,kivi4_rw0,10,7.0350707627382025,64.65526580810547,10.767965453170719
0,kivi4_rw1ch,10,4.307635479757474,70.56542282104492,6.593319611873686
1,kivi4_rw1ch,10,4.2253262150269375,69.7244384765625,6.4673360434085785
2,kivi4_rw1ch,10,4.133453818709435,70.53436050415038,6.32671502863689
3,kivi4_rw1ch,10,4.397915287016941,71.1475227355957,6.731502990332054
4,kivi4_rw1ch,10,4.540783907903753,71.0598976135254,6.950179450873093
5,kivi4_rw1ch,10,4.062125481741785,71.71691284179687,6.217539002665998
6,kivi4_rw1ch,10,3.664980561049914,71.80638427734375,5.609664124055992
7,kivi4_rw1ch,10,4.268295351948198,71.01624565124511,6.533105130532957
8,kivi4_rw1ch,10,4.2370103134468335,70.44648056030273,6.485219867520662
9,kivi4_rw1ch,10,4.372024794970413,69.75752754211426,6.691874686179204
10,kivi4_rw1ch,10,4.594649313209768,69.677880859375,7.03262649981087
11,kivi4_rw1ch,10,5.623441815657679,68.67763633728028,8.607308901516857
12,kivi4_rw1ch,10,5.210529601338169,68.61519393920898,7.975300410211484
13,kivi4_rw1ch,10,5.241442107678603,68.01516876220703,8.022615470936637
14,kivi4_rw1ch,10,5.2417061450837705,68.3200138092041,8.023019609822096
15,kivi4_rw1ch,10,6.244730163713683,66.80014610290527,9.558260454663802
16,kivi4_rw1ch,10,5.539415589063972,67.9806121826172,8.47869733019996
17,kivi4_rw1ch,10,5.148500514735877,67.70850105285645,7.880357930718179
18,kivi4_rw1ch,10,5.675971067695638,67.15988388061524,8.687710817901486
19,kivi4_rw1ch,10,5.860094742064854,66.64532699584962,8.969532768466616
20,kivi4_rw1ch,10,5.80362082407599,65.6856845855713,8.883093098075497
0,kivi2_rw0,10,4.650771097379589,70.28098182678222,7.118527189866718
1,kivi2_rw0,10,5.413511366403252,67.10131721496582,8.285986785311101
2,kivi2_rw0,10,6.552875179170662,65.51775741577148,10.029910988526524
3,kivi2_rw0,10,7.333826516165278,63.80298614501953,11.225244667599915
4,kivi2_rw0,10,7.735005829739129,62.197383880615234,11.83929463735581
5,kivi2_rw0,10,7.188906198422147,61.29451484680176,11.003427854727777
6,kivi2_rw0,10,7.317414601113197,60.48691329956055,11.200124389458974
7,kivi2_rw0,10,5.682157749227569,56.7153995513916,8.697180228409545
8,kivi2_rw0,10,7.464007462117189,57.15319061279297,11.42450121752631
9,kivi2_rw0,10,5.585367189090249,56.21809310913086,8.54903141187283
10,kivi2_rw0,10,6.884563692221378,55.74160308837891,10.537597488093947
11,kivi2_rw0,10,5.112757324549089,55.9356014251709,7.825648966146565
12,kivi2_rw0,10,4.511727439031381,53.48333053588867,6.905705263823543
13,kivi2_rw0,10,5.1519761964554665,51.60836601257324,7.885677851717551
14,kivi2_rw0,10,3.383425081956096,50.74917907714844,5.1787118601368824
15,kivi2_rw0,10,5.361973609733078,46.654608154296874,8.207102463877161
16,kivi2_rw0,10,5.228931996258732,44.62224102020264,8.003467341212344
17,kivi2_rw0,10,3.8145796387599606,44.61020393371582,5.83864230422443
18,kivi2_rw0,10,4.515896481894055,43.787665939331056,6.9120864518786576
19,kivi2_rw0,10,4.738818464599836,41.85876045227051,7.253293568265057
20,kivi2_rw0,10,3.4032677637187536,41.37357025146484,5.209083311814419
0,kivi2_rw1ch,10,4.650771097379589,70.28098182678222,7.118527189866718
1,kivi2_rw1ch,10,5.413511366403252,67.10131721496582,8.285986785311101
2,kivi2_rw1ch,10,6.552875179170662,65.51775741577148,10.029910988526524
3,kivi2_rw1ch,10,7.333826516165278,63.80298614501953,11.225244667599915
4,kivi2_rw1ch,10,7.687631375166791,62.32542037963867,11.766782717092028
5,kivi2_rw1ch,10,7.18018916917658,61.28580322265625,10.990085463025377
6,kivi2_rw1ch,10,7.308119934577908,60.25234107971191,11.185897859047818
7,kivi2_rw1ch,10,5.666564216035224,57.215267944335935,8.673312575564118
8,kivi2_rw1ch,10,7.752100110792497,57.03102073669434,11.86545935325382
9,kivi2_rw1ch,10,5.21302797493426,57.09734001159668,7.97912445142999
10,kivi2_rw1ch,10,7.0497405637535175,56.210371780395505,10.790419230234978
11,kivi2_rw1ch,10,5.034561472885419,55.61033630371094,7.705961438089927
12,kivi2_rw1ch,10,4.632615534200646,54.09196548461914,7.09073806255201
13,kivi2_rw1ch,10,5.452272488366054,51.97693977355957,8.34531503321335
14,kivi2_rw1ch,10,4.776660049574828,50.974724197387694,7.311214361594126
15,kivi2_rw1ch,10,5.367841765778468,48.194010162353514,8.216084335375205
16,kivi2_rw1ch,10,5.186926615967376,46.15960121154785,7.9391733917868015
17,kivi2_rw1ch,10,5.172919404630019,45.226576232910155,7.917733782596967
18,kivi2_rw1ch,10,4.128061345732134,44.62228164672852,6.318461243467553
19,kivi2_rw1ch,10,5.156573754418945,43.52563209533692,7.892714930233079
20,kivi2_rw1ch,10,4.329217108025403,42.64372634887695,6.626352716365413
