config,chunk_idx,k_rel_mean,v_rel_mean,n_prompts
RTN_INT4,0,0.058120111005587706,0.07484913056923283,3
RTN_INT4,1,0.04868437590698401,0.06463945657014847,3
RTN_INT4,2,0.038364659746487936,0.05194001219338841,3
RTN_INT4,3,0.03279036396907436,0.04464718960225582,3
RTN_INT4,4,0.029133593055109184,0.039914626462592015,3
RTN_INT4,5,0.026474964080585375,0.03629598976009422,3
RTN_INT4,6,0.024377323285573058,0.03341929210970799,3
RTN_INT4,7,0.028873225661615532,0.03881474538809723,3
RTN_INT4,8,0.027984644654724333,0.03732895080000162,3
RTN_INT4,9,0.027811652016308572,0.03702863599691126,3
RTN_INT4,10,0.02782483733776543,0.03702069061497847,3
RTN_INT4,11,0.027843708693981173,0.03702278922001521,3
RTN_INT4,12,0.02784724588609404,0.036789597881337004,3
RTN_INT4,13,0.027852750023206075,0.036782363706992734,3
RTN_INT4,14,0.027849343936476444,0.03678865700132317,3
RTN_INT4,15,0.02784611472653018,0.03650730438530445,3
RTN_INT4,16,0.02779916814217965,0.03636393335544401,3
RTN_INT4,17,0.027760588580535518,0.036694993124239975,3
RTN_INT4,18,0.02780457492917776,0.036976005153523554,3
RTN_INT4,19,0.02781311159332593,0.03707970456116729,3
RTN_INT4,20,0.02783991788410478,0.03711747702211141,3
RTN_INT2,0,0.3973175847199228,0.5181326113144556,3
RTN_INT2,1,0.31114873783455954,0.43656926691532133,3
RTN_INT2,2,0.23302539186345206,0.33211118876934054,3
RTN_INT2,3,0.19585779579149354,0.2776399795545472,3
RTN_INT2,4,0.17238848858409458,0.2440962376528316,3
RTN_INT2,5,0.1556828494535552,0.2216251524289449,3
RTN_INT2,6,0.1428759109477202,0.2042601097623507,3
RTN_INT2,7,0.1499374736017651,0.21504966444439358,3
RTN_INT2,8,0.13825388085510995,0.19774703522523246,3
RTN_INT2,9,0.13439789495534368,0.19133033899797333,3
RTN_INT2,10,0.13298339232802392,0.18795338304506407,3
RTN_INT2,11,0.1319983037809531,0.18597067799833086,3
RTN_INT2,12,0.13164049342274664,0.18402415055367682,3
RTN_INT2,13,0.13077190864417287,0.18207374400562712,3
RTN_INT2,14,0.1305907846821679,0.18073349684476853,3
RTN_INT2,15,0.13033608453141318,0.17846285353104274,3
RTN_INT2,16,0.13037187685569127,0.17622085250086253,3
RTN_INT2,17,0.13049660235643387,0.17487660962674353,3
RTN_INT2,18,0.13043509739968512,0.17328396471010316,3
RTN_INT2,19,0.13016238293713994,0.17333252943224378,3
RTN_INT2,20,0.12977393358945846,0.17282170178161727,3
KIVI_INT4,0,0.3068493576678965,0.12890731892651983,3
KIVI_INT4,1,0.30345954689714644,0.10979933213856485,3
KIVI_INT4,2,0.26553499759899246,0.08670922898583942,3
KIVI_INT4,3,0.23920362401339743,0.07466047219104237,3
KIVI_INT4,4,0.2181794029639827,0.06692913303772609,3
KIVI_INT4,5,0.2028712264696757,0.06122172919412454,3
KIVI_INT4,6,0.189562659834822,0.056858135519756214,3
KIVI_INT4,7,0.19333475786778662,0.05613610083858172,3
KIVI_INT4,8,0.19069678687387043,0.05603504803445604,3
KIVI_INT4,9,0.18977199918693965,0.05618516451782651,3
KIVI_INT4,10,0.18959224975771374,0.05628181953397062,3
KIVI_INT4,11,0.18916828714311124,0.05643136037720574,3
KIVI_INT4,12,0.18771063855124845,0.05704959702160623,3
KIVI_INT4,13,0.18732602732049095,0.056642327656348544,3
KIVI_INT4,14,0.18760189899139934,0.0557910901059707,3
KIVI_INT4,15,0.18691386433111298,0.055741730572448835,3
KIVI_INT4,16,0.18509351132644547,0.05598923221230507,3
KIVI_INT4,17,0.1850354550116592,0.055783344101574685,3
KIVI_INT4,18,0.18494829825229114,0.055617398238844346,3
KIVI_INT4,19,0.18509229968819355,0.05622266713115904,3
KIVI_INT4,20,0.18405629485017724,0.056931589684552614,3
