model,config,chunk_idx,rel_err,floor,ratio_to_floor,eviction_chunk
LongLive,ctrl1em3,0,0.09665488948424657,0.09665488948424657,1.0,4
LongLive,ctrl1em3,1,0.1486085926493009,0.1486085926493009,1.0,4
LongLive,ctrl1em3,2,0.21502310037612915,0.21502310037612915,1.0,4
LongLive,ctrl1em3,3,0.25962665180365246,0.25962665180365246,1.0,4
LongLive,ctrl1em3,4,0.33702611923217773,0.33702611923217773,1.0,4
LongLive,ctrl1em3,5,0.4070814748605092,0.4070814748605092,1.0,4
LongLive,ctrl1em3,6,0.4516284962495168,0.4516284962495168,1.0,4
LongLive,ctrl1em3,7,0.48462311426798504,0.48462311426798504,1.0,4
LongLive,ctrl1em3,8,0.505458285411199,0.505458285411199,1.0,4
LongLive,ctrl1em3,9,0.5045786499977112,0.5045786499977112,1.0,4
LongLive,ctrl1em3,10,0.4916524887084961,0.4916524887084961,1.0,4
LongLive,ctrl1em3,11,0.5125493804613749,0.5125493804613749,1.0,4
LongLive,ctrl1em3,12,0.5726432899634043,0.5726432899634043,1.0,4
LongLive,ctrl1em3,13,0.6061035593350729,0.6061035593350729,1.0,4
LongLive,ctrl1em3,14,0.6506116588910421,0.6506116588910421,1.0,4
LongLive,ctrl1em3,15,0.6766916116078695,0.6766916116078695,1.0,4
LongLive,ctrl1em3,16,0.7282640933990479,0.7282640933990479,1.0,4
LongLive,ctrl1em3,17,0.7518772085507711,0.7518772085507711,1.0,4
LongLive,ctrl1em3,18,0.7523250182469686,0.7523250182469686,1.0,4
LongLive,ctrl1em3,19,0.7586911122004191,0.7586911122004191,1.0,4
LongLive,ctrl1em3,20,0.7921411395072937,0.7921411395072937,1.0,4
LongLive,kv_int4,0,0.0,0.09665488948424657,0.0,4
LongLive,kv_int4,1,0.06277974570790927,0.1486085926493009,0.4224503078100081,4
LongLive,kv_int4,2,0.113533948858579,0.21502310037612915,0.5280081473105901,4
LongLive,kv_int4,3,0.18128258486588797,0.25962665180365246,0.6982433567836723,4
LongLive,kv_int4,4,0.269970824321111,0.33702611923217773,0.8010382843210077,4
LongLive,kv_int4,5,0.34695791204770404,0.4070814748605092,0.8523058244460592,4
LongLive,kv_int4,6,0.42980780204137164,0.4516284962495168,0.9516844167510422,4
LongLive,kv_int4,7,0.5037301778793335,0.48462311426798504,1.0394266452606358,4
LongLive,kv_int4,8,0.5401339530944824,0.505458285411199,1.0686024320584124,4
LongLive,kv_int4,9,0.5136184295018514,0.5045786499977112,1.0179155013875067,4
LongLive,kv_int4,10,0.5316470861434937,0.4916524887084961,1.0813472897087493,4
LongLive,kv_int4,11,0.5864827036857605,0.5125493804613749,1.1442462444454309,4
LongLive,kv_int4,12,0.6418784260749817,0.5726432899634043,1.120904474609319,4
LongLive,kv_int4,13,0.6767056981722513,0.6061035593350729,1.1164852734318746,4
LongLive,kv_int4,14,0.6880134145418803,0.6506116588910421,1.0574870664239078,4
LongLive,kv_int4,15,0.7064551512400309,0.6766916116078695,1.0439839051077358,4
LongLive,kv_int4,16,0.7525571783383688,0.7282640933990479,1.0333575212062662,4
LongLive,kv_int4,17,0.78105096022288,0.7518772085507711,1.0388012182578865,4
LongLive,kv_int4,18,0.8061583638191223,0.7523250182469686,1.071555968851858,4
LongLive,kv_int4,19,0.776278575261434,0.7586911122004191,1.023181322119362,4
LongLive,kv_int4,20,0.7805307706197103,0.7921411395072937,0.9853430552858232,4
LongLive,kv_int2,0,0.0,0.09665488948424657,0.0,4
LongLive,kv_int2,1,0.3954390585422516,0.1486085926493009,2.660943431955123,4
LongLive,kv_int2,2,0.5521466831366221,0.21502310037612915,2.5678482087309664,4
LongLive,kv_int2,3,0.649363378683726,0.25962665180365246,2.5011429842527075,4
LongLive,kv_int2,4,0.6762202779452006,0.33702611923217773,2.006432852996036,4
LongLive,kv_int2,5,0.6848154067993164,0.4070814748605092,1.6822563764022316,4
LongLive,kv_int2,6,0.6884613037109375,0.4516284962495168,1.5243973961522896,4
LongLive,kv_int2,7,0.696159303188324,0.48462311426798504,1.4364962848292135,4
LongLive,kv_int2,8,0.7108196417490641,0.505458285411199,1.4062874469864515,4
LongLive,kv_int2,9,0.71401979525884,0.5045786499977112,1.4150812668393298,4
LongLive,kv_int2,10,0.7663096189498901,0.4916524887084961,1.558640780936309,4
LongLive,kv_int2,11,0.7954599658648173,0.5125493804613749,1.551967471209854,4
LongLive,kv_int2,12,0.8230563402175903,0.5726432899634043,1.4372932585487714,4
LongLive,kv_int2,13,0.857180635134379,0.6061035593350729,1.4142478161236187,4
LongLive,kv_int2,14,0.8768516182899475,0.6506116588910421,1.3477342533094596,4
LongLive,kv_int2,15,0.8929890791575114,0.6766916116078695,1.3196396465381077,4
LongLive,kv_int2,16,0.8777215480804443,0.7282640933990479,1.2052242531741877,4
LongLive,kv_int2,17,0.8847870230674744,0.7518772085507711,1.1767706388824903,4
LongLive,kv_int2,18,0.8801601727803549,0.7523250182469686,1.1699201162168733,4
LongLive,kv_int2,19,0.8864021897315979,0.7586911122004191,1.168330794281721,4
LongLive,kv_int2,20,0.8871173659960429,0.7921411395072937,1.1198981112732305,4
LongLive,w4a4,0,0.7295158704121908,0.09665488948424657,7.547635451293873,4
LongLive,w4a4,1,0.7925260265668234,0.1486085926493009,5.332975788533932,4
LongLive,w4a4,2,0.844277580579122,0.21502310037612915,3.9264505957837526,4
LongLive,w4a4,3,0.898237943649292,0.25962665180365246,3.459729335987437,4
LongLive,w4a4,4,0.9210431178410848,0.33702611923217773,2.732853821357914,4
LongLive,w4a4,5,0.9257393678029379,0.4070814748605092,2.2740886652239634,4
LongLive,w4a4,6,0.9367047548294067,0.4516284962495168,2.0740603451910924,4
LongLive,w4a4,7,0.9494371811548868,0.48462311426798504,1.959124839905739,4
LongLive,w4a4,8,0.9810362259546915,0.505458285411199,1.9408846472001182,4
LongLive,w4a4,9,1.009950836499532,0.5045786499977112,2.0015726715827418,4
LongLive,w4a4,10,1.0222804148991902,0.4916524887084961,2.079274362232115,4
LongLive,w4a4,11,1.0212412476539612,0.5125493804613749,1.9924738699999671,4
LongLive,w4a4,12,1.0418824553489685,0.5726432899634043,1.819426637157578,4
LongLive,w4a4,13,1.0592689116795857,0.6061035593350729,1.7476698418363668,4
LongLive,w4a4,14,1.094926158587138,0.6506116588910421,1.6829181334583263,4
LongLive,w4a4,15,1.1017136971155803,0.6766916116078695,1.6280883022885813,4
LongLive,w4a4,16,1.1181581417719524,0.7282640933990479,1.5353745322704857,4
LongLive,w4a4,17,1.1220285097757976,0.7518772085507711,1.4923028614452698,4
LongLive,w4a4,18,1.1156675418217976,0.7523250182469686,1.4829595118629342,4
LongLive,w4a4,19,1.0730088949203491,0.7586911122004191,1.4142895279322825,4
LongLive,w4a4,20,1.0878658692042034,0.7921411395072937,1.3733232816071748,4
LongLive,sink_bf16_int2,0,0.0,0.09665488948424657,0.0,4
LongLive,sink_bf16_int2,1,0.3954390585422516,0.1486085926493009,2.660943431955123,4
LongLive,sink_bf16_int2,2,0.5521466831366221,0.21502310037612915,2.5678482087309664,4
LongLive,sink_bf16_int2,3,0.649363378683726,0.25962665180365246,2.5011429842527075,4
LongLive,sink_bf16_int2,4,0.6759074727694193,0.33702611923217773,2.0055047196617592,4
LongLive,sink_bf16_int2,5,0.6847138404846191,0.4070814748605092,1.6820068776631105,4
LongLive,sink_bf16_int2,6,0.688764750957489,0.4516284962495168,1.5250692918565498,4
LongLive,sink_bf16_int2,7,0.7007270654042562,0.48462311426798504,1.4459216755740025,4
LongLive,sink_bf16_int2,8,0.719419797261556,0.505458285411199,1.4233020172501392,4
LongLive,sink_bf16_int2,9,0.7165772914886475,0.5045786499977112,1.420149844809918,4
LongLive,sink_bf16_int2,10,0.7576240102450053,0.4916524887084961,1.5409746266823137,4
LongLive,sink_bf16_int2,11,0.7957759102185568,0.5125493804613749,1.5525838886045156,4
LongLive,sink_bf16_int2,12,0.8231086929639181,0.5726432899634043,1.4373846815118014,4
LongLive,sink_bf16_int2,13,0.8577701250712076,0.6061035593350729,1.4152204055891473,4
LongLive,sink_bf16_int2,14,0.875100314617157,0.6506116588910421,1.345042472968825,4
LongLive,sink_bf16_int2,15,0.8941166996955872,0.6766916116078695,1.3213060194009196,4
LongLive,sink_bf16_int2,16,0.8849437236785889,0.7282640933990479,1.2151412265134007,4
LongLive,sink_bf16_int2,17,0.8955329259236654,0.7518772085507711,1.1910627370256215,4
LongLive,sink_bf16_int2,18,0.8857815265655518,0.7523250182469686,1.1773920912926132,4
LongLive,sink_bf16_int2,19,0.8781037131945292,0.7586911122004191,1.1573929087527857,4
LongLive,sink_bf16_int2,20,0.8783614039421082,0.7921411395072937,1.1088445734410952,4
Self-Forcing,ctrl_perturb1em3,0,0.07259407018621762,0.07259407018621762,1.0,7
Self-Forcing,ctrl_perturb1em3,1,0.1355021744966507,0.1355021744966507,1.0,7
Self-Forcing,ctrl_perturb1em3,2,0.286038209994634,0.286038209994634,1.0,7
Self-Forcing,ctrl_perturb1em3,3,0.37425994873046875,0.37425994873046875,1.0,7
Self-Forcing,ctrl_perturb1em3,4,0.44013798236846924,0.44013798236846924,1.0,7
Self-Forcing,ctrl_perturb1em3,5,0.514049102862676,0.514049102862676,1.0,7
Self-Forcing,ctrl_perturb1em3,6,0.5794315139452616,0.5794315139452616,1.0,7
Self-Forcing,ctrl_perturb1em3,7,0.5839921236038208,0.5839921236038208,1.0,7
Self-Forcing,ctrl_perturb1em3,8,0.5992083847522736,0.5992083847522736,1.0,7
Self-Forcing,ctrl_perturb1em3,9,0.6207156479358673,0.6207156479358673,1.0,7
Self-Forcing,ctrl_perturb1em3,10,0.6220026910305023,0.6220026910305023,1.0,7
Self-Forcing,ctrl_perturb1em3,11,0.6701853473981222,0.6701853473981222,1.0,7
Self-Forcing,ctrl_perturb1em3,12,0.694558342297872,0.694558342297872,1.0,7
Self-Forcing,ctrl_perturb1em3,13,0.6727281212806702,0.6727281212806702,1.0,7
Self-Forcing,ctrl_perturb1em3,14,0.6548097531000773,0.6548097531000773,1.0,7
Self-Forcing,ctrl_perturb1em3,15,0.7029968897501627,0.7029968897501627,1.0,7
Self-Forcing,ctrl_perturb1em3,16,0.7709556221961975,0.7709556221961975,1.0,7
Self-Forcing,ctrl_perturb1em3,17,0.7171002825101217,0.7171002825101217,1.0,7
Self-Forcing,ctrl_perturb1em3,18,0.719275693098704,0.719275693098704,1.0,7
Self-Forcing,ctrl_perturb1em3,19,0.7216959993044535,0.7216959993044535,1.0,7
Self-Forcing,ctrl_perturb1em3,20,0.7381611863772074,0.7381611863772074,1.0,7
Self-Forcing,kv_int4,0,0.0,0.07259407018621762,0.0,7
Self-Forcing,kv_int4,1,0.0828959047794342,0.1355021744966507,0.6117680774302496,7
Self-Forcing,kv_int4,2,0.17949251582225165,0.286038209994634,0.6275123726498599,7
Self-Forcing,kv_int4,3,0.2948952813943227,0.37425994873046875,0.7879423977763055,7
Self-Forcing,kv_int4,4,0.35259171823660534,0.44013798236846924,0.8010935941934386,7
Self-Forcing,kv_int4,5,0.453058918317159,0.514049102862676,0.8813533878264348,7
Self-Forcing,kv_int4,6,0.520065426826477,0.5794315139452616,0.8975442555504621,7
Self-Forcing,kv_int4,7,0.569222221771876,0.5839921236038208,0.9747087311027423,7
Self-Forcing,kv_int4,8,0.6106873750686646,0.5992083847522736,1.0191569253843746,7
Self-Forcing,kv_int4,9,0.6238511403401693,0.6207156479358673,1.0050514151121028,7
Self-Forcing,kv_int4,10,0.624747653802236,0.6220026910305023,1.004413104334301,7
Self-Forcing,kv_int4,11,0.6263424754142761,0.6701853473981222,0.9345809750182418,7
Self-Forcing,kv_int4,12,0.6806750297546387,0.694558342297872,0.9800113083412089,7
Self-Forcing,kv_int4,13,0.6764359871546427,0.6727281212806702,1.0055116855631274,7
Self-Forcing,kv_int4,14,0.6767321228981018,0.6548097531000773,1.0334789909500235,7
Self-Forcing,kv_int4,15,0.6875810225804647,0.7029968897501627,0.9780712156846432,7
Self-Forcing,kv_int4,16,0.7520859042803446,0.7709556221961975,0.9755242489028106,7
Self-Forcing,kv_int4,17,0.7292049527168274,0.7171002825101217,1.016880024317289,7
Self-Forcing,kv_int4,18,0.7788994510968527,0.719275693098704,1.0828941650193742,7
Self-Forcing,kv_int4,19,0.8079473972320557,0.7216959993044535,1.1195120909783738,7
Self-Forcing,kv_int4,20,0.8078290422757467,0.7381611863772074,1.0943802751814404,7
Self-Forcing,kv_int2,0,0.0,0.07259407018621762,0.0,7
Self-Forcing,kv_int2,1,0.4450448155403137,0.1355021744966507,3.2844108752757633,7
Self-Forcing,kv_int2,2,0.5813595553239187,0.286038209994634,2.0324541792329947,7
Self-Forcing,kv_int2,3,0.7124888996283213,0.37425994873046875,1.9037273479173036,7
Self-Forcing,kv_int2,4,0.7489657203356425,0.44013798236846924,1.7016611843070446,7
Self-Forcing,kv_int2,5,0.7721611261367798,0.514049102862676,1.502115501878536,7
Self-Forcing,kv_int2,6,0.7929111917813619,0.5794315139452616,1.3684295256613668,7
Self-Forcing,kv_int2,7,0.908574640750885,0.5839921236038208,1.5557994774725086,7
Self-Forcing,kv_int2,8,0.9604585766792297,0.5992083847522736,1.6028790669815232,7
Self-Forcing,kv_int2,9,1.047214925289154,0.6207156479358673,1.6871089504051828,7
Self-Forcing,kv_int2,10,1.0666392644246419,0.6220026910305023,1.7148467037296709,7
Self-Forcing,kv_int2,11,1.1451783577601116,0.6701853473981222,1.7087487248207782,7
Self-Forcing,kv_int2,12,1.2136232455571492,0.694558342297872,1.747330888780353,7
Self-Forcing,kv_int2,13,1.327666203180949,0.6727281212806702,1.9735553802232548,7
Self-Forcing,kv_int2,14,1.3868023951848347,0.6548097531000773,2.1178707076662677,7
Self-Forcing,kv_int2,15,1.528957684834798,0.7029968897501627,2.174913868222337,7
Self-Forcing,kv_int2,16,1.6890016794204712,0.7709556221961975,2.1907897559772174,7
Self-Forcing,kv_int2,17,1.5815540552139282,0.7171002825101217,2.205485193337105,7
Self-Forcing,kv_int2,18,1.6475870211919148,0.719275693098704,2.290619628885223,7
Self-Forcing,kv_int2,19,1.7499281565348308,0.7216959993044535,2.424744155740579,7
Self-Forcing,kv_int2,20,1.8501510222752888,0.7381611863772074,2.506432275795444,7
Self-Forcing,fq_w4a4,0,0.6323470870653788,0.07259407018621762,8.710726446985106,7
Self-Forcing,fq_w4a4,1,0.7602254152297974,0.1355021744966507,5.6104296337221395,7
Self-Forcing,fq_w4a4,2,0.8259512583414713,0.286038209994634,2.887555681309032,7
Self-Forcing,fq_w4a4,3,0.8784779906272888,0.37425994873046875,2.3472401832127203,7
Self-Forcing,fq_w4a4,4,0.896659791469574,0.44013798236846924,2.037224296445562,7
Self-Forcing,fq_w4a4,5,0.9269379377365112,0.514049102862676,1.8032089397190039,7
Self-Forcing,fq_w4a4,6,0.9681297341982523,0.5794315139452616,1.670826855112528,7
Self-Forcing,fq_w4a4,7,1.0063459873199463,0.5839921236038208,1.7232184247790465,7
Self-Forcing,fq_w4a4,8,1.072094976902008,0.5992083847522736,1.7891855390929428,7
Self-Forcing,fq_w4a4,9,1.0911790529886882,0.6207156479358673,1.75793707894638,7
Self-Forcing,fq_w4a4,10,1.1238699952761333,0.6220026910305023,1.8068571269589893,7
Self-Forcing,fq_w4a4,11,1.1455657283465068,0.6701853473981222,1.7093267299769626,7
Self-Forcing,fq_w4a4,12,1.1749486128489177,0.694558342297872,1.6916485503028096,7
Self-Forcing,fq_w4a4,13,1.1954191128412883,0.6727281212806702,1.7769721155190794,7
Self-Forcing,fq_w4a4,14,1.1748098929723103,0.6548097531000773,1.794123999238538,7
Self-Forcing,fq_w4a4,15,1.342692534128825,0.7029968897501627,1.9099551558556724,7
Self-Forcing,fq_w4a4,16,1.4557621081670125,0.7709556221961975,1.8882566859296361,7
Self-Forcing,fq_w4a4,17,1.3273021777470906,0.7171002825101217,1.8509296539404947,7
Self-Forcing,fq_w4a4,18,1.3415793975194295,0.719275693098704,1.8651810569877392,7
Self-Forcing,fq_w4a4,19,1.3308894236882527,0.7216959993044535,1.8441136225930579,7
Self-Forcing,fq_w4a4,20,1.3372937043507893,0.7381611863772074,1.81165540674665,7
