config,chunk_idx,err_TF_mean,err_TF_std,err_FR_mean,propagation,kv_new_k_rel_mean,kv_new_v_rel_mean
kv_int4,0,0.0,0.0,0.0,0.0,0.0,0.0
kv_int4,1,0.08289964993794759,0.010932924326649465,0.0828959047794342,-3.7451585133824183e-06,0.1041327811881072,0.22502939386500254
kv_int4,2,0.0928049311041832,0.019676439100193788,0.17949251582225165,0.08668758471806845,0.12171427440933055,0.2542519615756141
kv_int4,3,0.11782454947630565,0.03425332853157847,0.2948952813943227,0.17707073191801703,0.13619250191582574,0.2942932523787022
kv_int4,4,0.12309845785299937,0.01730818859900855,0.35259171823660534,0.22949326038360596,0.1620824788386623,0.3336457669734955
kv_int4,5,0.1522468701004982,0.049072435290090755,0.453058918317159,0.3008120482166608,0.1710728780263,0.3720876556303766
kv_int4,6,0.1394433081150055,0.022707857569076135,0.520065426826477,0.38062211871147156,0.17760192097889052,0.3724455840057797
kv_int4,7,0.2121827354033788,0.05937236513193278,0.569222221771876,0.35703948636849714,0.27476614643302233,0.5349577635526657
kv_int4,8,0.21972140669822693,0.03026625576645196,0.6106873750686646,0.3909659683704376,0.2993828042513794,0.5693774110741086
kv_int4,9,0.248319740096728,0.08031848537765196,0.6238511403401693,0.37553140024344134,0.2844908939881457,0.5697972744703292
kv_int4,10,0.21884695688883463,0.07006941675141443,0.624747653802236,0.40590069691340136,0.2561807740893629,0.5181961049636205
kv_int4,11,0.18500177065531412,0.045637662263168274,0.6263424754142761,0.44134070475896203,0.2229897665894694,0.4548342653446727
kv_int4,12,0.19316106537977853,0.05477461413825168,0.6806750297546387,0.48751396437486016,0.2270173568899433,0.46188498189051946
kv_int4,13,0.20053985714912415,0.05261779449216091,0.6764359871546427,0.47589613000551856,0.23188674888677066,0.47922161204947367
kv_int4,14,0.20565649370352426,0.06412515367388287,0.6767321228981018,0.47107562919457757,0.22853176026708552,0.4733772358960575
kv_int4,15,0.18536753952503204,0.04675218436883624,0.6875810225804647,0.5022134830554327,0.21756448501514064,0.44140702138344445
kv_int4,16,0.19537299871444702,0.04721821106075141,0.7520859042803446,0.5567129055658976,0.23012242565552393,0.4616226183043586
kv_int4,17,0.21277030805746713,0.03343749509329671,0.7292049527168274,0.5164346446593603,0.2276145428005192,0.48002380198902556
kv_int4,18,0.22216282784938812,0.04847113006416251,0.7788994510968527,0.5567366232474645,0.22991142525441116,0.47497320622205735
kv_int4,19,0.2045580248037974,0.0453827525690945,0.8079473972320557,0.6033893724282583,0.23177076905137964,0.4766526992122332
kv_int4,20,0.21686400473117828,0.08747988581365651,0.8078290422757467,0.5909650375445684,0.23092123650842242,0.47416387961970435
kv_int2,0,0.0,0.0,0.0,0.0,0.0,0.0
kv_int2,1,0.44505077600479126,0.09613174775833469,0.4450448155403137,-5.9604644775390625e-06,0.5298997273047765,1.0280588388442993
kv_int2,2,0.4829103151957194,0.12864833943950246,0.5813595553239187,0.09844924012819928,0.5534840929011504,1.054178720050388
kv_int2,3,0.498009334007899,0.13102780922978552,0.7124888996283213,0.2144795656204223,0.5552810184657574,1.0541005972358914
kv_int2,4,0.4663502673308055,0.11425653038854797,0.7489657203356425,0.282615453004837,0.5625978690054682,1.0650567962063682
kv_int2,5,0.44605602820714313,0.1116525433737313,0.7721611261367798,0.32610509792963666,0.5434466722110908,1.0435581309927833
kv_int2,6,0.4587956964969635,0.10451046203430138,0.7929111917813619,0.33411549528439843,0.5731501608259149,1.0776537795861563
kv_int2,7,0.6434439222017924,0.09962848027246597,0.908574640750885,0.26513071854909265,0.6443310943742593,1.2128433598412407
kv_int2,8,0.6260678966840109,0.0607855078794573,0.9604585766792297,0.3343906799952189,0.6471467536356714,1.2106053173542022
kv_int2,9,0.5752931535243988,0.12883369330509592,1.047214925289154,0.47192177176475525,0.6191629311276806,1.175851301352183
kv_int2,10,0.5581055184205373,0.13648475213508804,1.0666392644246419,0.5085337460041045,0.608628478149573,1.1660608993636237
kv_int2,11,0.5068424642086029,0.13626126296214705,1.1451783577601116,0.6383358935515087,0.5852727281550566,1.1451910151375666
kv_int2,12,0.5007740755875906,0.12475210801532428,1.2136232455571492,0.7128491699695586,0.5729432355198595,1.1248563130696616
kv_int2,13,0.45859527587890625,0.11603806346661966,1.327666203180949,0.8690709273020427,0.5651414536767536,1.1035212284988827
kv_int2,14,0.46213431159655255,0.11221506728052848,1.3868023951848347,0.9246680835882821,0.5726124621099896,1.1123109890355005
kv_int2,15,0.4964500069618225,0.10627975003601338,1.528957684834798,1.0325076778729756,0.5882166008154551,1.1225419114033381
kv_int2,16,0.502902110417684,0.06798866222978117,1.6890016794204712,1.1860995690027871,0.5764318880107667,1.1113686796691682
kv_int2,17,0.4690895775953929,0.0672499395151079,1.5815540552139282,1.1124644776185353,0.5653190776705742,1.105312000380622
kv_int2,18,0.4837268888950348,0.07064914468228867,1.6475870211919148,1.16386013229688,0.5606447683440314,1.1019728389051227
kv_int2,19,0.5010593632857004,0.09093546495364868,1.7499281565348308,1.2488687932491302,0.5678371403780248,1.1184281431966359
kv_int2,20,0.526715079943339,0.14699138625364985,1.8501510222752888,1.3234359423319497,0.5686129828294119,1.124016460776329
w4a4,0,0.632348358631134,0.08684713962271702,0.6323470870653788,-1.2715657552453408e-06,0.6159511245787144,1.1128616591294607
w4a4,1,0.2705826709667842,0.04629914219086658,0.7602254152297974,0.4896427442630132,0.39837298343578975,0.8318116009235382
w4a4,2,0.3009560952583949,0.07234315959630325,0.8259512583414713,0.5249951630830765,0.41346888765692713,0.8500495281484393
w4a4,3,0.26689385374387103,0.062390615613808494,0.8784779906272888,0.6115841368834178,0.3943969801068306,0.8149845716026094
w4a4,4,0.2839190612236659,0.09085633808432293,0.896659791469574,0.612740730245908,0.4047755647036764,0.8271937598784764
w4a4,5,0.2848808467388153,0.07914746487284777,0.9269379377365112,0.6420570909976959,0.4044860846466488,0.8354398373100492
w4a4,6,0.2754577100276947,0.10387901806593583,0.9681297341982523,0.6926720241705576,0.41064286621080504,0.8391478478908538
w4a4,7,0.272051806251208,0.08929070649931867,1.0063459873199463,0.7342941810687382,0.4206855480869611,0.840423361129231
w4a4,8,0.33758610486984253,0.06821582164617412,1.072094976902008,0.7345088720321655,0.46313256041871176,0.9019116289085812
w4a4,9,0.31796257197856903,0.09420598987418514,1.0911790529886882,0.7732164810101192,0.4497110510038005,0.8797776493761275
w4a4,10,0.3861643473307292,0.09211847348900778,1.1238699952761333,0.737705647945404,0.4738522017167674,0.9329774753914939
w4a4,11,0.26070984204610187,0.049083682131832146,1.1455657283465068,0.884855886300405,0.40984883912735515,0.8245865487390094
w4a4,12,0.26202598710854846,0.06599527932808957,1.1749486128489177,0.9129226257403693,0.4103791023294131,0.8235725180970298
w4a4,13,0.2557202031215032,0.06907711938749841,1.1954191128412883,0.9396989097197852,0.41053731077247196,0.8201505194107691
w4a4,14,0.30612463255723316,0.06221813083781734,1.1748098929723103,0.8686852604150772,0.4352144257889854,0.8617861204677157
w4a4,15,0.256583571434021,0.062496688625659276,1.342692534128825,1.086108962694804,0.4001230834258927,0.7995883060826195
w4a4,16,0.2921743591626485,0.03193643241919439,1.4557621081670125,1.163587749004364,0.4188771967258718,0.8295791327953339
w4a4,17,0.26464590926965076,0.04646431064775315,1.3273021777470906,1.0626562684774399,0.40578761717511547,0.8138708949089051
w4a4,18,0.2773914188146591,0.059798908098311274,1.3415793975194295,1.0641879787047703,0.4047207741273774,0.8144399828381009
w4a4,19,0.2948284794886907,0.05757269467419222,1.3308894236882527,1.036060944199562,0.4168381565974818,0.8327288299798965
w4a4,20,0.2719971537590027,0.05549907660213727,1.3372937043507893,1.0652965505917866,0.3910576923853821,0.7939950582053926
w8a8,0,0.2945839911699295,0.06981583438250541,0.29457466304302216,-9.328126907348633e-06,0.32115127303534086,0.6270663224988513
w8a8,1,0.07862292602658272,0.028356687747030762,0.4139774739742279,0.3353545479476452,0.1061138864296178,0.23175612199637624
w8a8,2,0.10623864084482193,0.046505498531026396,0.49982501069704693,0.393586369852225,0.1271787228787111,0.2786606025778585
w8a8,3,0.08122383306423824,0.018051813567633298,0.587706595659256,0.5064827625950178,0.10074049120561944,0.22182928149898848
w8a8,4,0.07321235537528992,0.029331515127395853,0.6205869416395823,0.5473745862642924,0.09831547011724777,0.2130710542615917
w8a8,5,0.15110374117890993,0.1094261873239182,0.6819465259710947,0.5308427847921848,0.15213787325968345,0.32523587296406425
w8a8,6,0.09262041747570038,0.04774610889921515,0.7029279271761576,0.6103075097004572,0.10846103893385993,0.23634322008324993
w8a8,7,0.10506272936860721,0.0791264710734818,0.7633135318756104,0.6582508025070032,0.12500261624033251,0.2612481767518653
w8a8,8,0.09046465903520584,0.026256773179728028,0.7878110210100809,0.6973463619748751,0.1241874584928155,0.25688695833086966
w8a8,9,0.09950631856918335,0.0892860505542086,0.7799748182296753,0.6804684996604919,0.1292385521551801,0.25687793646421697
w8a8,10,0.10734318445126216,0.06074720644673147,0.8150397141774496,0.7076965297261875,0.13559080111897653,0.2924163419753313
w8a8,11,0.05444098636507988,0.018161736066479736,0.820061723391215,0.7656207370261351,0.0889394203821818,0.18245389146937263
w8a8,12,0.07445540279150009,0.04517900483373086,0.8133898973464966,0.7389344945549965,0.1028979696540369,0.215848265753852
w8a8,13,0.07242864618698756,0.03705809390979578,0.816459079583486,0.7440304333964984,0.108639474099295,0.2236676177630822
w8a8,14,0.13136242205897966,0.06450824729119235,0.8332969347635905,0.7019345127046108,0.14418751787808207,0.30653904353578887
w8a8,15,0.08314769342541695,0.0415371125862855,0.8675705790519714,0.7844228856265545,0.154623930549456,0.2768146582775646
w8a8,16,0.07441498587528865,0.024140489421625416,0.9518210490544637,0.8774060631791751,0.10988623053870268,0.21978580235607093
w8a8,17,0.06923581163088481,0.013773141512477991,0.8719919721285502,0.8027561604976654,0.09547251765098837,0.20162058663037088
w8a8,18,0.08231794461607933,0.0365098139334519,0.9029577573140463,0.8206398126979669,0.10528373687217633,0.21540687556068103
w8a8,19,0.09959244355559349,0.06709364033815983,0.9352002143859863,0.8356077708303928,0.11887994529679417,0.24899243294364876
w8a8,20,0.06267079152166843,0.023377938853867318,0.9372176130612692,0.8745468215396007,0.09198136272736722,0.18939029831025336
kv_only_w4a4,0,0.47524715463320416,0.029249680024603222,0.4752393861611684,-7.768472035762919e-06,0.4656221032142639,0.8619005474779341
kv_only_w4a4,1,0.1694833586613337,0.04705764514897329,0.5661191344261169,0.39663577576478326,0.22449346093667877,0.46626623455021116
kv_only_w4a4,2,0.14893781145413718,0.03484674307627721,0.6035294930140177,0.4545916815598805,0.20388564094901085,0.42906239579121275
kv_only_w4a4,3,0.13999303927024206,0.04195106339436532,0.6602861682573954,0.5202931289871533,0.18718447846670946,0.3994254892071088
kv_only_w4a4,4,0.1558974434932073,0.06707916635165001,0.6727163791656494,0.5168189356724421,0.19878246945639452,0.41722996085882186
kv_only_w4a4,5,0.21559106558561325,0.14268186340127878,0.7080797155698141,0.49248864998420083,0.24453979498810238,0.5031117031971614
kv_only_w4a4,6,0.15430751939614615,0.05805207843383047,0.7478164037068685,0.5935088843107224,0.20394137952890662,0.4297862751616372
kv_only_w4a4,7,0.14990607152382532,0.06539888349235524,0.7717164556185404,0.6218103840947151,0.2126108049104611,0.4364897744523154
kv_only_w4a4,8,0.21806520720322928,0.09311642839564958,0.8290899991989136,0.6110247919956843,0.26446519535448815,0.5158058194650544
kv_only_w4a4,9,0.1784160633881887,0.047839379344872555,0.8307678898175558,0.6523518264293671,0.23407981801364158,0.47997160007556283
kv_only_w4a4,10,0.23645789921283722,0.137174800488751,0.8593032956123352,0.622845396399498,0.2763024041636123,0.5559499892923567
kv_only_w4a4,11,0.16288141161203384,0.0819856946491104,0.8733978271484375,0.7105164155364037,0.21877391868167453,0.4342746504478985
kv_only_w4a4,12,0.18957218527793884,0.10992656747322421,0.9297721783320109,0.740199993054072,0.23768801469769743,0.48191182762384416
kv_only_w4a4,13,0.15660293400287628,0.07305605876022209,0.9554142355918884,0.7988113015890121,0.22558317561116484,0.4565300732851028
kv_only_w4a4,14,0.21874534587065378,0.07655910722066349,0.9461216330528259,0.7273762871821722,0.2573276314884424,0.529119348526001
kv_only_w4a4,15,0.1830663358171781,0.06458517864474571,0.9977655410766602,0.814699205259482,0.27151140951448016,0.4982646324568325
kv_only_w4a4,16,0.19021144260962805,0.0795331533425734,0.9707374970118204,0.7805260544021924,0.23506106030609872,0.46031880146927306
kv_only_w4a4,17,0.14927687247594199,0.03119860955674231,0.9673375884691874,0.8180607159932454,0.20831018889115918,0.4241553596324391
kv_only_w4a4,18,0.16134195029735565,0.05958560121277624,0.9972667694091797,0.835924819111824,0.21095447834167216,0.4265837210747931
kv_only_w4a4,19,0.1626341516772906,0.03386763291303602,1.048082133134206,0.8854479814569155,0.21634957243998845,0.44341192245483396
kv_only_w4a4,20,0.14263579497734705,0.035239448843963114,1.0867139498392742,0.9440781548619271,0.20118588738971285,0.4053864896297455
